"Category","Path","LineNumber","Line"
"占位注释","Code\01_Task\Inc\task_dcc.h","3","* @brief   代码文件功能说明"
"乱码注释/文本","Code\01_Task\Inc\task_dcc.h","19","/* ========================= DCC浠诲姟鏃跺簭鍙傛暟 ========================= */"
"乱码注释/文本","Code\01_Task\Inc\task_dcc.h","21","#define TASK_DCC_PREPARE_MS (3000U) /* 棰勫鎬佺瓑寰呮椂闂达紙鍙屽嚮鍚庣瓑寰?绉掑啀杩涘叆ON锛?*/"
"乱码注释/文本","Code\01_Task\Inc\task_dcc.h","24","#define TASK_DCC_MODE_IDLE (0U)      /* 浜や簰闈欐妯″紡锛氱數鏈轰笉鍏佽鍔ㄤ綔 */"
"乱码注释/文本","Code\01_Task\Inc\task_dcc.h","27","#define TASK_DCC_MODE_TOTAL (3U)     /* 妯″紡鎬绘暟锛堢敤浜庢寜閿惊鐜垏鎹級 */"
"乱码注释/文本","Code\01_Task\Inc\task_dcc.h","29","/* ========================= DCC杩愯鐘舵€佸畾涔?========================= */"
"乱码注释/文本","Code\01_Task\Inc\task_dcc.h","30","#define TASK_DCC_RUN_OFF (0U)      /* 鍏抽棴鎬侊細鐢垫満鍋滄満锛屽彲鍒囨ā寮?*/"
"乱码注释/文本","Code\01_Task\Inc\task_dcc.h","32","#define TASK_DCC_RUN_ON (2U)       /* 杩愯鎬侊細鎸夊綋鍓峬ode鎵ц搴曠洏鎺у埗 */"
"乱码注释/文本","Code\01_Task\Inc\task_dcc.h","33","#define TASK_DCC_RUN_STOP (3U)     /* 鍋滄満鍛婅鎬侊細鐢变繚鎶ら€昏緫瑙﹀彂锛堢孩闂?铚傞福锛?*/"
"乱码注释/文本","Code\01_Task\Inc\task_dcc.h","35","/* KEY3鍗曞嚮锛氬垏鎹ode骞跺己鍒跺洖OFF */"
"乱码注释/文本","Code\01_Task\Inc\task_dcc.h","37","/* KEY3鍙屽嚮锛氳繍琛岀姸鎬佸垏鎹㈣姹?*/"
"乱码注释/文本","Code\01_Task\Inc\task_dcc.h","39","/* KEY2鍗曞嚮锛欴CC鍏ㄩ噸缃姹傦紙mode=0 + run_state=OFF锛?*/"
"占位注释","Code\01_Task\Inc\task_dcc.h","43","* @brief  接口说明：StartDccTask"
"占位注释","Code\01_Task\Inc\task_dcc.h","44","* @param argument 参数说明"
"占位注释","Code\01_Task\Inc\task_dcc.h","45","* @return 返回值说明"
"乱码注释/文本","Code\01_Task\Inc\task_dcc.h","50","/* 鑾峰彇褰撳墠閫夋嫨鐨勫簳鐩樻ā寮忥紙0/1/2锛?*/"
"乱码注释/文本","Code\01_Task\Inc\task_dcc.h","52","/* 鑾峰彇褰撳墠杩愯鐘舵€侊紙OFF/PREPARE/ON/STOP锛?*/"
"乱码注释/文本","Code\01_Task\Inc\task_dcc.h","55","/* 鍏煎鏃ф帴鍙ｏ細浠呭綋杩愯鐘舵€佷负ON鏃惰繑鍥?锛屽惁鍒欒繑鍥? */"
"占位注释","Code\01_Task\Inc\task_gpio.h","3","* @brief   代码文件功能说明"
"乱码注释/文本","Code\01_Task\Inc\task_gpio.h","24","/* 浠绘剰鎸夐敭鍙嶉锛氶粍鐏剦鍐叉椂闀?*/"
"乱码注释/文本","Code\01_Task\Inc\task_gpio.h","26","/* 浠绘剰鎸夐敭鍙嶉锛氳渹楦ｅ櫒鐭福鏃堕暱 */"
"乱码注释/文本","Code\01_Task\Inc\task_gpio.h","29","/* ON鎬侊細缁跨伅闂儊鍛ㄦ湡 */"
"占位注释","Code\01_Task\Inc\task_gpio.h","40","* @brief  接口说明：StartGpioTask"
"占位注释","Code\01_Task\Inc\task_gpio.h","41","* @param argument 参数说明"
"占位注释","Code\01_Task\Inc\task_gpio.h","42","* @return 返回值说明"
"乱码注释/文本","Code\01_Task\Inc\task_gpio.h","47","/* 鎸夐敭鍙嶉淇″彿閲忥細鐢盞eyTask閲婃斁锛孏pioTask娑堣垂銆?*/"
"占位注释","Code\01_Task\Inc\task_init.h","3","* @brief   代码文件功能说明"
"乱码注释/文本","Code\01_Task\Inc\task_init.h","14","* @brief InitTask 鍏ュ彛鍑芥暟銆? *"
"乱码注释/文本","Code\01_Task\Inc\task_init.h","16","* 璇ヤ换鍔″彧璐熻矗鈥滅郴缁熶竴娆℃€у垵濮嬪寲鈥濓細"
"乱码注释/文本","Code\01_Task\Inc\task_init.h","17","* 1. 鏄惧紡缁戝畾鎵€鏈夐潪 UART / 闈?OLED 鐨勭‖浠舵槧灏勶紙LED銆佺户鐢靛櫒銆佺數鏈恒€佸惊杩逛紶鎰熷櫒锛夈€? * 2. 璋冪敤瀵瑰簲妯″潡鍒濆鍖栨帴鍙ｏ紝寤虹珛绋冲畾鐨勪笂鐢电姸鎬併€? * 3. 鍒濆鍖栧畬鎴愬悗閲婃斁 Sem_Init锛屼綔涓哄叏绯荤粺鍚姩闂ㄦ帶淇″彿銆? * 4. 浠诲姟瀹屾垚浣垮懡鍚庤嚜鍒犻櫎锛屼笉鍐嶅弬涓庤皟搴︼紝閬垮厤鍗犵敤 CPU 涓庢爤璧勬簮銆? *"
"乱码注释/文本","Code\01_Task\Inc\task_init.h","18","* @param argument 浠诲姟鍙傛暟锛堝綋鍓嶅疄鐜版湭浣跨敤锛夈€? */"
"乱码注释/文本","Code\01_Task\Inc\task_init.h","22","* @brief 缁熶竴鐨勨€滃垵濮嬪寲瀹屾垚绛夊緟鈥濋棬鎺у嚱鏁般€? *"
"乱码注释/文本","Code\01_Task\Inc\task_init.h","24","* 鍏朵粬涓氬姟浠诲姟锛圙PIO銆並EY銆丏CC銆丳C銆丼TEPPER銆乀EST銆丏EFAULT锛夊湪杩涘叆鍚勮嚜涓诲惊鐜墠"
"乱码注释/文本","Code\01_Task\Inc\task_init.h","25","* 閮藉簲鍏堣皟鐢ㄨ鍑芥暟銆傚嚱鏁拌涓哄涓嬶細"
"乱码注释/文本","Code\01_Task\Inc\task_init.h","26","* 1. 闃诲绛夊緟 Sem_Init锛堢敱 InitTask 鍦ㄥ垵濮嬪寲瀹屾垚鍚庨噴鏀撅級銆? * 2. 涓€鏃︽垚鍔熻幏鍙栦俊鍙烽噺锛岀珛鍗冲啀閲婃斁涓€娆★紝褰㈡垚鈥滈椄闂ㄥ父寮€鈥濇晥鏋溿€? * 3. 鍚庣画浠讳綍浠诲姟璋冪敤姝ゅ嚱鏁伴兘鍙揩閫熼€氳繃锛屼笉浼氬啀娆¤闀挎湡闃诲銆? *"
"乱码注释/文本","Code\01_Task\Inc\task_init.h","28","* 璇ヨ璁℃湰璐ㄦ槸鈥滃崟娆″垵濮嬪寲 -> 澶氫换鍔″叡浜€氳繃鏉冣€濓紝閬垮厤姣忎釜浠诲姟閲嶅鍒濆鍖栫‖浠躲€? */"
"占位注释","Code\01_Task\Inc\task_key.h","3","* @brief   代码文件功能说明"
"占位注释","Code\01_Task\Inc\task_key.h","23","* @brief  接口说明：StartKeyTask"
"占位注释","Code\01_Task\Inc\task_key.h","24","* @param argument 参数说明"
"占位注释","Code\01_Task\Inc\task_key.h","25","* @return 返回值说明"
"乱码注释/文本","Code\01_Task\Inc\task_key.h","30","/* 浠绘剰鎸夐敭浜嬩欢鍙嶉淇″彿閲忥紙鐢盞eyTask閲婃斁锛孏pioTask鐢ㄤ簬榛勭伅鐭棯锛?*/"
"占位注释","Code\01_Task\Inc\task_oled.h","3","* @brief   代码文件功能说明"
"乱码注释/文本","Code\01_Task\Inc\task_oled.h","11","* @brief   OLED 鏄剧ず浠诲姟鎺ュ彛瀹氫箟"
"乱码注释/文本","Code\01_Task\Inc\task_oled.h","13","* 璇ヤ换鍔¤礋璐ｅ懆鏈熷埛鏂?OLED 鍐呭锛屽苟鎸夎瀹氬懆鏈熸洿鏂扮數姹犻噰鏍锋暟鎹樉绀恒€?"
"乱码注释/文本","Code\01_Task\Inc\task_oled.h","23","/** OLED 鍒锋柊鍛ㄦ湡锛堝崟浣嶏細姣锛?*/"
"乱码注释/文本","Code\01_Task\Inc\task_oled.h","26","/** 鐢垫睜閲囨牱鍛ㄦ湡锛堝崟浣嶏細绉掞級 */"
"乱码注释/文本","Code\01_Task\Inc\task_oled.h","34","* @param argument 浠诲姟鍙傛暟鎸囬拡锛堝綋鍓嶅疄鐜颁腑閫氬父鏈娇鐢級"
"占位注释","Code\01_Task\Inc\task_stepper.h","3","* @brief   代码文件功能说明"
"乱码注释/文本","Code\01_Task\Inc\task_stepper.h","11","* @brief   浜戝彴姝ヨ繘鐢垫満浠诲姟鎺ュ彛涓庡弬鏁板畾涔? *"
"乱码注释/文本","Code\01_Task\Inc\task_stepper.h","12","* 璇存槑锛? * 1. 鏈换鍔¤礋璐ｈ鍙?K230 瑙嗚璇樊骞舵帶鍒?X/Y 涓よ酱姝ヨ繘鐢垫満銆? * 2. 鏈ご鏂囦欢鍖呭惈浠诲姟璋冨害鍙傛暟銆佹帶鍒跺弬鏁般€佺姸鎬佺粨鏋勪綋鍜屽澶栨帴鍙ｃ€? ******************************************************************************"
"乱码注释/文本","Code\01_Task\Inc\task_stepper.h","23","/* ========================= 浠诲姟璋冨害鍙傛暟 ========================= */"
"乱码注释/文本","Code\01_Task\Inc\task_stepper.h","25","/* Stepper 浠诲姟鎵ц鍛ㄦ湡锛堟绉掞級 */"
"乱码注释/文本","Code\01_Task\Inc\task_stepper.h","31","/* 浠诲姟鍚姩寮€鍏筹細1=鍚姩鍚庢甯歌繍琛岋紝0=鍚姩鍚庢寕璧?*/"
"乱码注释/文本","Code\01_Task\Inc\task_stepper.h","34","/* 鍙戦€佸埌 VOFA 鐨勬洸绾挎爣绛撅紙褰撳墠鍙戦€?err1/err2锛?*/"
"乱码注释/文本","Code\01_Task\Inc\task_stepper.h","39","/* 涓?K230 鍗忚绾﹀畾锛歩d=1 涓?X 杞达紝id=2 涓?Y 杞?*/"
"乱码注释/文本","Code\01_Task\Inc\task_stepper.h","43","/* 杞翠娇鑳藉紑鍏筹細鍙敤浜庤仈璋冩椂鍗曠嫭灞忚斀鏌愪竴杞翠笅鍙?*/"
"乱码注释/文本","Code\01_Task\Inc\task_stepper.h","47","/* ========================= 涓插彛涓庨┍鍔ㄥ湴鍧€ ========================= */"
"乱码注释/文本","Code\01_Task\Inc\task_stepper.h","49","/* 姝ヨ繘椹卞姩鍦板潃锛堝綋鍓嶄袱杞撮兘涓?1锛?*/"
"乱码注释/文本","Code\01_Task\Inc\task_stepper.h","53","/* ========================= 鎺у埗鍙傛暟锛堝彲璋冿級 ========================= */"
"乱码注释/文本","Code\01_Task\Inc\task_stepper.h","55","/* 缁嗗垎涓庢瘡鍦堣剦鍐叉暟锛?00 * 16 = 3200 pulse/rev */"
"乱码注释/文本","Code\01_Task\Inc\task_stepper.h","58","/* 閫熷害妯″紡鏈€澶ч€熷害锛坮pm锛?*/"
"乱码注释/文本","Code\01_Task\Inc\task_stepper.h","61","/* 浣嶇疆妯″紡鏈€澶ч€熷害锛坮pm锛?*/"
"乱码注释/文本","Code\01_Task\Inc\task_stepper.h","64","/* 浣嶇疆 PID 鍙傛暟锛堣緭鍑哄崟浣嶏細姣忓懆鏈熻剦鍐叉暟锛?*/"
"乱码注释/文本","Code\01_Task\Inc\task_stepper.h","69","/* PID 杈撳嚭闄愬箙锛堟瘡鍛ㄦ湡鏈€澶ц剦鍐插懡浠わ級 */"
"乱码注释/文本","Code\01_Task\Inc\task_stepper.h","75","/* 璇樊姝诲尯锛殀err| < deadband 鏃跺仠鏈?*/"
"乱码注释/文本","Code\01_Task\Inc\task_stepper.h","78","/* 灏忚宸槇鍊硷細|err| <= 闃堝€兼椂浠呬娇鐢?Kp锛堝叧闂Н鍒嗭級 */"
"乱码注释/文本","Code\01_Task\Inc\task_stepper.h","81","/* 灏忚宸尯 Kp 澧炵泭锛堝崟浣嶏細pulse/cycle per err锛?*/"
"乱码注释/文本","Code\01_Task\Inc\task_stepper.h","84","/* mode1锛圫TRAIGHT锛夊墠棣堝紑鍏充笌鍙傛暟"
"乱码注释/文本","Code\01_Task\Inc\task_stepper.h","85","* 鍓嶉鏉ユ簮锛氬簳鐩樼紪鐮佸櫒鐩搁偦閲囨牱宸垎"
"乱码注释/文本","Code\01_Task\Inc\task_stepper.h","86","* 鍓嶉杈撳嚭锛氫笌 PID 杈撳嚭鐩稿姞鍚庝綔涓烘渶缁堣剦鍐插懡浠? */"
"乱码注释/文本","Code\01_Task\Inc\task_stepper.h","92","/* Y 杞村浐瀹氫綅缃祴璇曟ā寮忥紙璋冭瘯寮€鍏筹級 */"
"乱码注释/文本","Code\01_Task\Inc\task_stepper.h","98","/* X 杞磋蒋闄愪綅鑼冨洿锛歔-800, +800] */"
"乱码注释/文本","Code\01_Task\Inc\task_stepper.h","101","/* Y 杞磋蒋闄愪綅鑼冨洿锛歔-400, +400] */"
"乱码注释/文本","Code\01_Task\Inc\task_stepper.h","104","/* 棰勭暀鍙傛暟锛氬姩浣滃畬鎴愰澶栦繚鎶ゆ椂闂达紙褰撳墠鏈娇鐢級 */"
"乱码注释/文本","Code\01_Task\Inc\task_stepper.h","107","/* 鏂瑰悜鍙嶇浉寮€鍏筹細0=涓嶅弽鐩革紝1=鍙嶇浉 */"
"乱码注释/文本","Code\01_Task\Inc\task_stepper.h","111","/* ========================= 鐘舵€佺粨鏋勪綋 ========================= */"
"乱码注释/文本","Code\01_Task\Inc\task_stepper.h","114","* @brief Stepper 浠诲姟鍙鐘舵€佸揩鐓? */"
"乱码注释/文本","Code\01_Task\Inc\task_stepper.h","117","bool configured;             /* 浠诲姟璧勬簮鍒濆鍖栨槸鍚﹀畬鎴?*/"
"乱码注释/文本","Code\01_Task\Inc\task_stepper.h","120","bool x_axis_bound;           /* X 杞撮┍鍔ㄩ€氶亾鏄惁宸茬粦瀹?*/"
"乱码注释/文本","Code\01_Task\Inc\task_stepper.h","121","bool y_axis_bound;           /* Y 杞撮┍鍔ㄩ€氶亾鏄惁宸茬粦瀹?*/"
"乱码注释/文本","Code\01_Task\Inc\task_stepper.h","123","uint8_t dcc_mode;            /* 褰撳墠 DCC 妯″紡锛圛DLE/STRAIGHT/TRACK锛?*/"
"乱码注释/文本","Code\01_Task\Inc\task_stepper.h","124","uint8_t dcc_run_state;       /* 褰撳墠 DCC 杩愯鐘舵€侊紙OFF/PREPARE/ON/STOP锛?*/"
"乱码注释/文本","Code\01_Task\Inc\task_stepper.h","126","uint8_t motor1_id;           /* 鏈€鏂板抚 motor1_id */"
"乱码注释/文本","Code\01_Task\Inc\task_stepper.h","127","int16_t err1;                /* 鏈€鏂板抚 err1锛堣瑙夎宸級 */"
"乱码注释/文本","Code\01_Task\Inc\task_stepper.h","128","uint8_t motor2_id;           /* 鏈€鏂板抚 motor2_id */"
"乱码注释/文本","Code\01_Task\Inc\task_stepper.h","129","int16_t err2;                /* 鏈€鏂板抚 err2锛堣瑙夎宸級 */"
"乱码注释/文本","Code\01_Task\Inc\task_stepper.h","131","int32_t x_pos_pulse;         /* X 杞翠换鍔″眰浼拌浣嶇疆锛坧ulse锛?*/"
"乱码注释/文本","Code\01_Task\Inc\task_stepper.h","132","int32_t y_pos_pulse;         /* Y 杞翠换鍔″眰浼拌浣嶇疆锛坧ulse锛?*/"
"乱码注释/文本","Code\01_Task\Inc\task_stepper.h","133","uint8_t x_busy;              /* 棰勭暀瀛楁 */"
"乱码注释/文本","Code\01_Task\Inc\task_stepper.h","134","uint8_t y_busy;              /* 棰勭暀瀛楁 */"
"乱码注释/文本","Code\01_Task\Inc\task_stepper.h","136","uint32_t x_last_pulse_cmd;   /* X 杞存渶杩戜竴娆＄瓑鏁堣剦鍐插懡浠?*/"
"乱码注释/文本","Code\01_Task\Inc\task_stepper.h","137","uint32_t y_last_pulse_cmd;   /* Y 杞存渶杩戜竴娆＄瓑鏁堣剦鍐插懡浠?*/"
"乱码注释/文本","Code\01_Task\Inc\task_stepper.h","138","uint16_t x_last_speed_cmd;   /* X 杞存渶杩戜竴娆￠€熷害鍛戒护锛坮pm锛?*/"
"乱码注释/文本","Code\01_Task\Inc\task_stepper.h","139","uint16_t y_last_speed_cmd;   /* Y 杞存渶杩戜竴娆￠€熷害鍛戒护锛坮pm锛?*/"
"乱码注释/文本","Code\01_Task\Inc\task_stepper.h","141","uint32_t frame_update_count; /* 鎺ユ敹鍒版柊瑙嗚甯ф鏁?*/"
"乱码注释/文本","Code\01_Task\Inc\task_stepper.h","142","uint32_t x_cmd_ok_count;     /* X 杞村懡浠ゆ垚鍔熸鏁?*/"
"乱码注释/文本","Code\01_Task\Inc\task_stepper.h","143","uint32_t y_cmd_ok_count;     /* Y 杞村懡浠ゆ垚鍔熸鏁?*/"
"乱码注释/文本","Code\01_Task\Inc\task_stepper.h","146","uint32_t vofa_tx_ok_count;   /* VOFA 鍙戦€佹垚鍔熸鏁?*/"
"乱码注释/文本","Code\01_Task\Inc\task_stepper.h","147","uint32_t vofa_tx_drop_count; /* VOFA 鍙戦€佸け璐ユ鏁?*/"
"乱码注释/文本","Code\01_Task\Inc\task_stepper.h","150","/* ========================= 瀵瑰鎺ュ彛 ========================= */"
"占位注释","Code\01_Task\Inc\task_stepper.h","154","* @brief  接口说明：task_stepper_is_ready"
"占位注释","Code\01_Task\Inc\task_stepper.h","156","* @return 返回值说明"
"占位注释","Code\01_Task\Inc\task_stepper.h","161","* @brief  接口说明：StartStepperTask"
"占位注释","Code\01_Task\Inc\task_stepper.h","162","* @param argument 参数说明"
"占位注释","Code\01_Task\Inc\task_stepper.h","163","* @return 返回值说明"
"乱码注释/文本","Code\01_Task\Inc\task_stepper.h","170","* @brief 瀵瑰閫熷害鍛戒护鎺ュ彛锛堝唴閮ㄤ細闄愬箙鍒?TASK_STEPPER_VEL_MAX_RPM锛? */"
"乱码注释/文本","Code\01_Task\Inc\task_stepper.h","178","* @brief 瀵瑰浣嶇疆鍛戒护鎺ュ彛锛堝唴閮ㄤ細闄愬箙鍒?TASK_STEPPER_POS_MAX_RPM锛? */"
"占位注释","Code\01_Task\Inc\task_test.h","3","* @brief   代码文件功能说明"
"乱码注释/文本","Code\01_Task\Inc\task_test.h","11","* @brief   娴嬭瘯浠诲姟鎺ュ彛瀹氫箟"
"乱码注释/文本","Code\01_Task\Inc\task_test.h","13","* 褰撳墠鐢ㄤ簬鍛ㄦ湡璇诲彇 12 璺惊杩圭姸鎬佸苟閫氳繃 VOFA 涓婃姤銆?"
"乱码注释/文本","Code\01_Task\Inc\task_test.h","27","#define TASK_TEST_PERIOD_MS    (1000000U)  // 娴嬭瘯浠诲姟閲囨牱/鍙戦€佸懆鏈燂紙ms锛?"
"乱码注释/文本","Code\01_Task\Inc\task_test.h","28","#define TASK_TEST_PREPARE_MS   (5000U)  // 棰勭暀锛氭祴璇曞惎鍔ㄥ墠鍑嗗鏃堕棿锛坢s锛?"
"乱码注释/文本","Code\01_Task\Inc\task_test.h","29","#define TASK_TEST_TARGET_SPEED (40)     // 棰勭暀锛氭祴璇曢粯璁ょ洰鏍囬€熷害"
"占位注释","Code\01_Task\Inc\task_test.h","32","* @brief  接口说明：StartTestTask"
"占位注释","Code\01_Task\Inc\task_test.h","33","* @param argument 参数说明"
"占位注释","Code\01_Task\Inc\task_test.h","34","* @return 返回值说明"
"占位注释","Code\01_Task\Src\task_dcc.c","3","* @brief   代码文件功能说明"
"乱码注释/文本","Code\01_Task\Src\task_dcc.c","12","#define TASK_DCC_GRAY_STOP_COUNT (3U)      /* 鐩寸嚎妯″紡锛氳繛缁粦绾胯Е鍙戦槇鍊?*/"
"乱码注释/文本","Code\01_Task\Src\task_dcc.c","13","#define TASK_DCC_STARTUP_DELAY_MS (3000U)  /* 涓婄數鍚庝换鍔￠澶栧欢鏃讹紝閬垮厤鍚姩鐬€?*/"
"乱码注释/文本","Code\01_Task\Src\task_dcc.c","16","/* 褰撳墠妯″紡锛?=IDLE, 1=STRAIGHT, 2=TRACK */"
"乱码注释/文本","Code\01_Task\Src\task_dcc.c","18","/* 褰撳墠杩愯鐘舵€侊細OFF / PREPARE / ON / STOP */"
"乱码注释/文本","Code\01_Task\Src\task_dcc.c","38","/* 娴偣鍗犵┖姣旇浆鏁村瀷鍛戒护锛堝惈闄愬箙涓庡洓鑸嶄簲鍏ワ級 */"
"乱码注释/文本","Code\01_Task\Src\task_dcc.c","56","/* 绔嬪嵆鍋滄鍙岀數鏈?*/"
"乱码注释/文本","Code\01_Task\Src\task_dcc.c","63","/* 缁熶竴澶嶄綅PID鍐呴儴鐘舵€?*/"
"乱码注释/文本","Code\01_Task\Src\task_dcc.c","77","/* 姣杞瑃ick锛屽悜涓婂彇鏁达紝涓旀渶灏戜负1 tick */"
"乱码注释/文本","Code\01_Task\Src\task_dcc.c","96","/* Tick姣旇緝锛歯ow鏄惁鍒拌揪target锛堟敮鎸佸洖缁曪級 */"
"乱码注释/文本","Code\01_Task\Src\task_dcc.c","102","/* 杩涘叆OFF锛氬仠鏈?+ PID澶嶄綅 + 榛戠嚎璁℃暟娓呴浂 */"
"乱码注释/文本","Code\01_Task\Src\task_dcc.c","119","/* 杩涘叆PREPARE锛氱瓑寰?绉掞紝涓嶈緭鍑虹數鏈?*/"
"乱码注释/文本","Code\01_Task\Src\task_dcc.c","136","/* 杩涘叆ON锛氬厑璁告寜褰撳墠mode鎵ц鎺у埗 */"
"乱码注释/文本","Code\01_Task\Src\task_dcc.c","153","/* 杩涘叆STOP锛氬仠鏈轰繚鎶ゆ€侊紝鍚屾椂mode鍥炲埌0 */"
"乱码注释/文本","Code\01_Task\Src\task_dcc.c","171","/* 璇诲彇12璺伆搴︾姸鎬侊紝鍒ゆ柇鏄惁浠绘剰涓€璺娴嬪埌榛戠嚎 */"
"乱码注释/文本","Code\01_Task\Src\task_dcc.c","193","/* 鐩寸嚎妯″紡鎺у埗锛氫綅缃幆 + 閫熷害鐜紱鏀寔1绉掍紶鎰熷櫒淇濇姢绐?*/"
"乱码注释/文本","Code\01_Task\Src\task_dcc.c","219","/* 淇濇姢绐楀唴锛氬拷鐣ヤ紶鎰熷櫒鎬ュ仠锛岃鏁板綊闆?*/"
"乱码注释/文本","Code\01_Task\Src\task_dcc.c","224","/* 杩炵画3娆℃娴嬪埌浠绘剰榛戠嚎锛氳繘鍏TOP骞跺洖mode0 */"
"乱码注释/文本","Code\01_Task\Src\task_dcc.c","267","/* 寰抗妯″紡鎺у埗锛氭寜weight鍒嗛厤宸﹀彸鐩爣閫熷害 + 閫熷害鐜?*/"
"乱码注释/文本","Code\01_Task\Src\task_dcc.c","292","/* 鏈璇诲彇鍒版湁鏁堢數骞筹細鍒锋柊鈥滀笂涓€娆℃湁鏁堟潈閲嶁€?*/"
"乱码注释/文本","Code\01_Task\Src\task_dcc.c","299","/* 鏈鏈鍙栧埌鏈夋晥鐢靛钩锛氭部鐢ㄤ笂涓€娆℃湁鏁堟潈閲?*/"
"乱码注释/文本","Code\01_Task\Src\task_dcc.c","306","/* 灏氭棤鏈夋晥鍘嗗彶鍊兼椂锛岄€€鍖栦负0 */"
"占位注释","Code\01_Task\Src\task_dcc.c","329","* @brief  函数说明：task_dcc_get_mode"
"占位注释","Code\01_Task\Src\task_dcc.c","331","* @return 返回值说明"
"占位注释","Code\01_Task\Src\task_dcc.c","340","* @brief  函数说明：task_dcc_get_run_state"
"占位注释","Code\01_Task\Src\task_dcc.c","342","* @return 返回值说明"
"占位注释","Code\01_Task\Src\task_dcc.c","351","* @brief  函数说明：task_dcc_get_ready"
"占位注释","Code\01_Task\Src\task_dcc.c","353","* @return 返回值说明"
"占位注释","Code\01_Task\Src\task_dcc.c","362","* @brief  函数说明：StartDccTask"
"占位注释","Code\01_Task\Src\task_dcc.c","363","* @param argument 参数说明"
"占位注释","Code\01_Task\Src\task_dcc.c","364","* @return 返回值说明"
"乱码注释/文本","Code\01_Task\Src\task_dcc.c","369","pid_pos_t pos_pid;                  /* 鐩寸嚎妯″紡澶栫幆锛氫綅缃幆PID */"
"乱码注释/文本","Code\01_Task\Src\task_dcc.c","371","pid_inc_t right_speed_pid;          /* 鍙宠疆閫熷害鐜疨ID */"
"乱码注释/文本","Code\01_Task\Src\task_dcc.c","375","uint32_t prepare_start_tick = 0U;   /* PREPARE寮€濮媡ick */"
"乱码注释/文本","Code\01_Task\Src\task_dcc.c","379","float track_last_valid_weight = 0.0f; /* 寰抗妯″紡锛氫笂涓€娆℃湁鏁堟潈閲?*/"
"乱码注释/文本","Code\01_Task\Src\task_dcc.c","380","uint8_t track_has_valid_weight = 0U;  /* 寰抗妯″紡锛氭槸鍚﹀凡鏈夋湁鏁堟潈閲?*/"
"乱码注释/文本","Code\01_Task\Src\task_dcc.c","418","/* KEY2鍗曞嚮锛歮ode涓庤繍琛屾€佸叏閲嶇疆 */"
"乱码注释/文本","Code\01_Task\Src\task_dcc.c","429","/* 娓呯悊娈嬬暀鎺у埗璇锋眰锛岄伩鍏嶉噸缃悗绔嬪嵆琚棫浜嬩欢鎷夎蛋 */"
"乱码注释/文本","Code\01_Task\Src\task_dcc.c","434","/* KEY3鍗曞嚮锛氬垏mode骞跺洖OFF */"
"乱码注释/文本","Code\01_Task\Src\task_dcc.c","445","/* KEY3鍙屽嚮锛歄FF->PREPARE(浠卪ode!=0)锛孭REPARE/ON->OFF */"
"乱码注释/文本","Code\01_Task\Src\task_dcc.c","470","/* STOP鎬佷笅鍙屽嚮涓嶇洿鎺ヨ繘PREPARE */"
"乱码注释/文本","Code\01_Task\Src\task_dcc.c","512","/* 鐩寸嚎妯″紡棣栨杩涘叆ON鏃讹紝寮€鍚?绉掍繚鎶ょ獥 */"
"乱码注释/文本","Code\01_Task\Src\task_dcc.c","530","/* 闈炲惊杩规ā寮忎笅涓嶄繚鐣欏惊杩瑰巻鍙叉潈閲?*/"
"占位注释","Code\01_Task\Src\task_gpio.c","3","* @brief   代码文件功能说明"
"乱码注释/文本","Code\01_Task\Src\task_gpio.c","13","/* 姣杞崲涓簍ick锛屽悜涓婂彇鏁翠笖鏈€灏? tick */"
"乱码注释/文本","Code\01_Task\Src\task_gpio.c","32","/* Tick姣旇緝锛歯ow鏄惁宸茬粡鍒拌揪target锛堟敮鎸佸洖缁曪級 */"
"乱码注释/文本","Code\01_Task\Src\task_gpio.c","38","/* OFF/PREPARE缁熶竴娓呴浂杈撳嚭锛岄槻姝㈢姸鎬佹畫鐣?*/"
"占位注释","Code\01_Task\Src\task_gpio.c","46","* @brief  函数说明：StartGpioTask"
"占位注释","Code\01_Task\Src\task_gpio.c","47","* @param argument 参数说明"
"占位注释","Code\01_Task\Src\task_gpio.c","48","* @return 返回值说明"
"乱码注释/文本","Code\01_Task\Src\task_gpio.c","63","uint32_t key_beep_deadline = 0U;    /* 鎸夐敭铚傞福缁撴潫鏃跺埢 */"
"乱码注释/文本","Code\01_Task\Src\task_gpio.c","64","uint32_t green_toggle_tick = 0U;    /* 涓嬫缁跨伅缈昏浆鏃跺埢 */"
"乱码注释/文本","Code\01_Task\Src\task_gpio.c","68","uint8_t run_state;                  /* 褰撳墠DCC杩愯鐘舵€?*/"
"乱码注释/文本","Code\01_Task\Src\task_gpio.c","71","int green_led_on = 0;               /* 褰撳墠缁跨伅閫昏緫鐘舵€?*/"
"乱码注释/文本","Code\01_Task\Src\task_gpio.c","72","int red_led_on = 0;                 /* 褰撳墠绾㈢伅閫昏緫鐘舵€?*/"
"乱码注释/文本","Code\01_Task\Src\task_gpio.c","73","int buzzer_on = 0;                  /* STOP铚傞福鑺傚閫昏緫鐘舵€?*/"
"乱码注释/文本","Code\01_Task\Src\task_gpio.c","75","int laser_output_on = 0;            /* 婵€鍏夌户鐢靛櫒褰撳墠鐗╃悊杈撳嚭鐘舵€?*/"
"乱码注释/文本","Code\01_Task\Src\task_gpio.c","98","/* 浠绘剰鎸夐敭浜嬩欢锛氶粍鐏煭闂?*/"
"乱码注释/文本","Code\01_Task\Src\task_gpio.c","123","/* ON鎬侊細缁跨伅鎸佺画闂儊锛岀孩鐏?铚傞福鍏抽棴 */"
"乱码注释/文本","Code\01_Task\Src\task_gpio.c","163","/* STOP鎬侊細绾㈢伅闂儊 + 铚傞福鍣ㄧ煭鍝嶅惊鐜紝缁跨伅鍏抽棴 */"
"乱码注释/文本","Code\01_Task\Src\task_gpio.c","224","/* OFF/PREPARE锛氫笉杈撳嚭缁跨伅/绾㈢伅/铚傞福 */"
"占位注释","Code\01_Task\Src\task_init.c","229","* @brief  函数说明：task_wait_init_done"
"占位注释","Code\01_Task\Src\task_init.c","231","* @return 返回值说明"
"占位注释","Code\01_Task\Src\task_key.c","3","* @brief   代码文件功能说明"
"乱码注释/文本","Code\01_Task\Src\task_key.c","11","/* KEY3鍗曞嚮锛氬垏鎹CC妯″紡 */"
"乱码注释/文本","Code\01_Task\Src\task_key.c","13","/* KEY3鍙屽嚮锛氳姹侱CC杩愯鐘舵€佸垏鎹紙OFF/PREPARE/ON锛?*/"
"乱码注释/文本","Code\01_Task\Src\task_key.c","15","/* KEY2鍗曞嚮锛氳姹侱CC鍏ㄩ噸缃紙mode涓庤繍琛屾€佸叏閮ㄥ浣嶏級 */"
"乱码注释/文本","Code\01_Task\Src\task_key.c","18","/* 鍒ゆ柇鏄惁涓衡€滄湁鎸夐敭浜嬩欢鈥?*/"
"占位注释","Code\01_Task\Src\task_key.c","25","* @brief  函数说明：StartKeyTask"
"占位注释","Code\01_Task\Src\task_key.c","26","* @param argument 参数说明"
"占位注释","Code\01_Task\Src\task_key.c","27","* @return 返回值说明"
"乱码注释/文本","Code\01_Task\Src\task_key.c","32","mod_key_event_e evt; /* 褰撳墠鎵弿寰楀埌鐨勬寜閿簨浠?*/"
"乱码注释/文本","Code\01_Task\Src\task_key.c","42","/* 浠绘剰鎸夐敭浜嬩欢閮借Е鍙戜竴娆￠粍鐏弽棣堬紙GPIO浠诲姟娑堣垂璇ヤ俊鍙烽噺锛?*/"
"乱码注释/文本","Code\01_Task\Src\task_key.c","48","/* 涓氬姟鎸夐敭鏄犲皠锛氬彧浣跨敤KEY3鎺у埗DCC */"
"乱码注释/文本","Code\01_Task\Src\task_key.c","71","/* 鍏朵粬鎸夐敭浠呬繚鐣欓粍鐏弽棣堬紝涓嶇粦瀹欴CC鎺у埗鍔ㄤ綔 */"
"占位注释","Code\01_Task\Src\task_test.c","3","* @brief   代码文件功能说明"
"乱码注释/文本","Code\01_Task\Src\task_test.c","28","* @brief 娴嬭瘯浠诲姟锛氭瘡 1 绉掑彂閫佹潈閲嶄笌宸﹀彸鐩爣閫熷害"
"乱码注释/文本","Code\01_Task\Src\task_test.c","30","* 1. 璇诲彇寰抗鏉冮噸鍊?weight锛?"
"乱码注释/文本","Code\01_Task\Src\task_test.c","31","* 2. 鍙傝€?DCC 鐩爣閫熷害鍒嗛厤鍏紡璁＄畻宸﹀彸鐩爣閫熷害锛?"
"乱码注释/文本","Code\01_Task\Src\task_test.c","32","* 3. 浠呭仛鐩爣鍊兼帹绠楋紝涓嶈皟鐢?PID 璁＄畻銆?"
"占位注释","Code\02_Module\Inc\mod_led.h","45","* @brief  接口说明：mod_led_bind_map"
"占位注释","Code\02_Module\Inc\mod_led.h","46","* @param map 参数说明"
"占位注释","Code\02_Module\Inc\mod_led.h","47","* @param map_num 参数说明"
"占位注释","Code\02_Module\Inc\mod_led.h","48","* @return 返回值说明"
"占位注释","Code\02_Module\Inc\mod_led.h","53","* @brief  接口说明：mod_led_unbind_map"
"占位注释","Code\02_Module\Inc\mod_led.h","55","* @return 返回值说明"
"占位注释","Code\02_Module\Inc\mod_led.h","60","* @brief  接口说明：mod_led_is_bound"
"占位注释","Code\02_Module\Inc\mod_led.h","62","* @return 返回值说明"
"占位注释","Code\02_Module\Inc\mod_led.h","68","* @brief  接口说明：mod_led_Init"
"占位注释","Code\02_Module\Inc\mod_led.h","70","* @return 返回值说明"
"占位注释","Code\02_Module\Inc\mod_led.h","82","* @brief  接口说明：mod_led_on"
"占位注释","Code\02_Module\Inc\mod_led.h","83","* @param led 参数说明"
"占位注释","Code\02_Module\Inc\mod_led.h","84","* @return 返回值说明"
"占位注释","Code\02_Module\Inc\mod_led.h","89","* @brief  接口说明：mod_led_off"
"占位注释","Code\02_Module\Inc\mod_led.h","90","* @param led 参数说明"
"占位注释","Code\02_Module\Inc\mod_led.h","91","* @return 返回值说明"
"占位注释","Code\02_Module\Inc\mod_led.h","96","* @brief  接口说明：mod_led_toggle"
"占位注释","Code\02_Module\Inc\mod_led.h","97","* @param led 参数说明"
"占位注释","Code\02_Module\Inc\mod_led.h","98","* @return 返回值说明"
"占位注释","Code\02_Module\Inc\mod_motor.h","85","* @brief  接口说明：mod_motor_init"
"占位注释","Code\02_Module\Inc\mod_motor.h","87","* @return 返回值说明"
"占位注释","Code\02_Module\Inc\mod_motor.h","92","* @brief  接口说明：mod_motor_set_mode"
"占位注释","Code\02_Module\Inc\mod_motor.h","93","* @param id 参数说明"
"占位注释","Code\02_Module\Inc\mod_motor.h","94","* @param mode 参数说明"
"占位注释","Code\02_Module\Inc\mod_motor.h","95","* @return 返回值说明"
"占位注释","Code\02_Module\Inc\mod_motor.h","100","* @brief  接口说明：mod_motor_set_duty"
"占位注释","Code\02_Module\Inc\mod_motor.h","101","* @param id 参数说明"
"占位注释","Code\02_Module\Inc\mod_motor.h","102","* @param duty 参数说明"
"占位注释","Code\02_Module\Inc\mod_motor.h","103","* @return 返回值说明"
"占位注释","Code\02_Module\Inc\mod_motor.h","108","* @brief  接口说明：mod_motor_tick"
"占位注释","Code\02_Module\Inc\mod_motor.h","110","* @return 返回值说明"
"占位注释","Code\02_Module\Inc\mod_motor.h","115","* @brief  接口说明：mod_motor_get_speed"
"占位注释","Code\02_Module\Inc\mod_motor.h","116","* @param id 参数说明"
"占位注释","Code\02_Module\Inc\mod_motor.h","117","* @return 返回值说明"
"占位注释","Code\02_Module\Inc\mod_motor.h","122","* @brief  接口说明：mod_motor_get_position"
"占位注释","Code\02_Module\Inc\mod_motor.h","123","* @param id 参数说明"
"占位注释","Code\02_Module\Inc\mod_motor.h","124","* @return 返回值说明"
"占位注释","Code\02_Module\Inc\mod_relay.h","44","* @brief  接口说明：mod_relay_bind_map"
"占位注释","Code\02_Module\Inc\mod_relay.h","45","* @param map 参数说明"
"占位注释","Code\02_Module\Inc\mod_relay.h","46","* @param map_num 参数说明"
"占位注释","Code\02_Module\Inc\mod_relay.h","47","* @return 返回值说明"
"占位注释","Code\02_Module\Inc\mod_relay.h","52","* @brief  接口说明：mod_relay_unbind_map"
"占位注释","Code\02_Module\Inc\mod_relay.h","54","* @return 返回值说明"
"占位注释","Code\02_Module\Inc\mod_relay.h","59","* @brief  接口说明：mod_relay_is_bound"
"占位注释","Code\02_Module\Inc\mod_relay.h","61","* @return 返回值说明"
"占位注释","Code\02_Module\Inc\mod_relay.h","67","* @brief  接口说明：mod_relay_init"
"占位注释","Code\02_Module\Inc\mod_relay.h","69","* @return 返回值说明"
"占位注释","Code\02_Module\Inc\mod_relay.h","74","* @brief  接口说明：mod_relay_on"
"占位注释","Code\02_Module\Inc\mod_relay.h","75","* @param relay 参数说明"
"占位注释","Code\02_Module\Inc\mod_relay.h","76","* @return 返回值说明"
"占位注释","Code\02_Module\Inc\mod_relay.h","81","* @brief  接口说明：mod_relay_off"
"占位注释","Code\02_Module\Inc\mod_relay.h","82","* @param relay 参数说明"
"占位注释","Code\02_Module\Inc\mod_relay.h","83","* @return 返回值说明"
"占位注释","Code\02_Module\Inc\mod_relay.h","88","* @brief  接口说明：mod_relay_toggle"
"占位注释","Code\02_Module\Inc\mod_relay.h","89","* @param relay 参数说明"
"占位注释","Code\02_Module\Inc\mod_relay.h","90","* @return 返回值说明"
"占位注释","Code\02_Module\Src\mod_battery.c","3","* @brief   代码文件功能说明"
"乱码注释/文本","Code\02_Module\Src\mod_battery.c","12","/* 鐢垫睜鐢靛帇缂撳瓨鍊硷紙鍗曚綅锛歏锛?*/"
"乱码注释/文本","Code\02_Module\Src\mod_battery.c","14","/* 褰撳墠缁戝畾鐨凙DC鍙ユ焺 */"
"乱码注释/文本","Code\02_Module\Src\mod_battery.c","16","/* 缁戝畾鐘舵€佹爣蹇楋細true琛ㄧず宸茬粦瀹氾紝false琛ㄧず鏈粦瀹?*/"
"占位注释","Code\02_Module\Src\mod_battery.c","20","* @brief  函数说明：mod_battery_bind_adc"
"占位注释","Code\02_Module\Src\mod_battery.c","21","* @param hadc 参数说明"
"占位注释","Code\02_Module\Src\mod_battery.c","22","* @return 返回值说明"
"乱码注释/文本","Code\02_Module\Src\mod_battery.c","27","// 1. 鍙傛暟鏍￠獙锛氬彞鏌勪负绌烘椂鐩存帴杩斿洖澶辫触銆?"
"乱码注释/文本","Code\02_Module\Src\mod_battery.c","33","// 2. 淇濆瓨ADC鍙ユ焺骞惰缃粦瀹氱姸鎬併€?"
"乱码注释/文本","Code\02_Module\Src\mod_battery.c","37","// 3. 杩斿洖缁戝畾鎴愬姛銆?"
"占位注释","Code\02_Module\Src\mod_battery.c","42","* @brief  函数说明：mod_battery_unbind_adc"
"占位注释","Code\02_Module\Src\mod_battery.c","44","* @return 返回值说明"
"乱码注释/文本","Code\02_Module\Src\mod_battery.c","49","// 1. 娓呯┖鍙ユ焺銆?"
"乱码注释/文本","Code\02_Module\Src\mod_battery.c","52","// 2. 娓呯┖缁戝畾鐘舵€併€?"
"占位注释","Code\02_Module\Src\mod_battery.c","57","* @brief  函数说明：mod_battery_is_bound"
"占位注释","Code\02_Module\Src\mod_battery.c","59","* @return 返回值说明"
"乱码注释/文本","Code\02_Module\Src\mod_battery.c","64","// 1. 鍙湁鈥滅姸鎬佷负宸茬粦瀹?+ 鍙ユ焺涓嶄负绌衡€濇墠鍒ゅ畾涓哄凡缁戝畾銆?"
"占位注释","Code\02_Module\Src\mod_battery.c","69","* @brief  函数说明：mod_battery_init"
"占位注释","Code\02_Module\Src\mod_battery.c","71","* @return 返回值说明"
"占位注释","Code\02_Module\Src\mod_battery.c","80","* @brief  函数说明：mod_battery_update"
"占位注释","Code\02_Module\Src\mod_battery.c","82","* @return 返回值说明"
"乱码注释/文本","Code\02_Module\Src\mod_battery.c","91","// 1. 寮哄埗缁戝畾妫€鏌ワ細鏈粦瀹氭椂鐩存帴澶辫触锛屼笉鍐嶄娇鐢ㄩ粯璁DC鍥炶惤銆?"
"乱码注释/文本","Code\02_Module\Src\mod_battery.c","97","// 2. 閫氳繃椹卞姩灞傝鍙朅DC骞冲潎鍘熷鍊笺€?"
"乱码注释/文本","Code\02_Module\Src\mod_battery.c","100","// 3. 鎶婂師濮嬪€兼崲绠楁垚ADC寮曡剼鐢靛帇銆?"
"乱码注释/文本","Code\02_Module\Src\mod_battery.c","103","// 4. 鎸夊垎鍘嬫瘮杩樺師鐢垫睜鐪熷疄鐢靛帇骞跺啓鍏ョ紦瀛樸€?"
"乱码注释/文本","Code\02_Module\Src\mod_battery.c","108","// 5. 閲囨牱澶辫触锛氫繚鐣欐棫缂撳瓨骞惰繑鍥炲け璐ャ€?"
"乱码注释/文本","Code\02_Module\Src\mod_battery.c","112","// 6. 杩斿洖鏈鏇存柊缁撴灉銆?"
"占位注释","Code\02_Module\Src\mod_battery.c","117","* @brief  函数说明：mod_battery_get_voltage"
"占位注释","Code\02_Module\Src\mod_battery.c","119","* @return 返回值说明"
"乱码注释/文本","Code\02_Module\Src\mod_battery.c","124","// 1. 杩斿洖妯″潡缂撳瓨涓殑鏈€鏂扮數鍘嬪€笺€?"
"占位注释","Code\02_Module\Src\mod_k230.c","3","* @brief   代码文件功能说明"
"乱码注释/文本","Code\02_Module\Src\mod_k230.c","15","* @brief K230 鍗忚灞傛ā鍧楀疄鐜帮紙瑙ｈ€︾増锛?"
"乱码注释/文本","Code\02_Module\Src\mod_k230.c","18","* 1. 浣跨敤 ctx 鎵胯浇鍏ㄩ儴杩愯鎬侊紝閬垮厤鏃х増鈥滃叏灞€闈欐€佸崟瀹炰緥鈥濊€﹀悎銆?"
"乱码注释/文本","Code\02_Module\Src\mod_k230.c","19","* 2. 浣跨敤 bind 鎵胯浇鍏ㄩ儴纭欢/OS 璧勬簮娉ㄥ叆淇℃伅锛圲ART銆乵utex銆乻emaphore锛夈€?"
"乱码注释/文本","Code\02_Module\Src\mod_k230.c","20","* 3. 鏍￠獙绠楁硶鐢?bind.checksum_algo 鍐冲畾锛屽綋鍓嶅疄鐜?XOR銆?"
"乱码注释/文本","Code\02_Module\Src\mod_k230.c","21","* 4. 閫氳繃 UART->ctx 鏄犲皠鍜屽浐瀹氬洖璋冨垎鍙戣〃锛屾敮鎸佲€滄瘡涓?UART 瀵瑰簲涓€涓?K230 ctx鈥濄€?"
"乱码注释/文本","Code\02_Module\Src\mod_k230.c","26","/* 鍥哄畾鍗忚锛欰A AA 06 xx xx xx xx xx xx ck 55 55 */"
"乱码注释/文本","Code\02_Module\Src\mod_k230.c","30","#define K230_PROTO_CHECKSUM_START_IDX     (2U) /* [2]..[8] 鍙備笌 XOR */"
"乱码注释/文本","Code\02_Module\Src\mod_k230.c","44","/* 涓?drv_uart/mod_uart_guard 鍐呴儴绱㈠紩瑙勬ā淇濇寔涓€鑷达細USART1/2/3/UART4/5/USART6 */"
"乱码注释/文本","Code\02_Module\Src\mod_k230.c","47","/* ========================== [ 2. 闈欐€佽祫婧?] ========================== */"
"乱码注释/文本","Code\02_Module\Src\mod_k230.c","49","/* 榛樿涓婁笅鏂囷紝渚涘閮ㄥ湪涓嶈嚜寤哄疄渚嬫椂鐩存帴浣跨敤銆?*/"
"乱码注释/文本","Code\02_Module\Src\mod_k230.c","52","/* UART 瀹炰緥鍒?K230 ctx 鐨勫弽鍚戞槧灏勶紝鐢ㄤ簬 RX 涓柇浜嬩欢鍒嗗彂銆?*/"
"乱码注释/文本","Code\02_Module\Src\mod_k230.c","58","* @brief 灏?UART 澶栬瀹炰緥鏄犲皠鍒板浐瀹氱储寮曘€?"
"乱码注释/文本","Code\02_Module\Src\mod_k230.c","59","* @param instance UART 瀹炰緥鍦板潃銆?"
"乱码注释/文本","Code\02_Module\Src\mod_k230.c","60","* @return int8_t 鎴愬姛杩斿洖 [0,5]锛屽け璐ヨ繑鍥?-1銆?"
"乱码注释/文本","Code\02_Module\Src\mod_k230.c","81","* @brief 杩涘叆涓寸晫鍖猴紙鍏充腑鏂級銆?"
"乱码注释/文本","Code\02_Module\Src\mod_k230.c","82","* @return uint32_t 杩涘叆鍓?PRIMASK銆?"
"乱码注释/文本","Code\02_Module\Src\mod_k230.c","92","* @brief 閫€鍑轰复鐣屽尯锛堟仮澶嶄腑鏂姸鎬侊級銆?"
"乱码注释/文本","Code\02_Module\Src\mod_k230.c","93","* @param primask 杩涘叆涓寸晫鍖哄墠淇濆瓨鐨?PRIMASK銆?"
"乱码注释/文本","Code\02_Module\Src\mod_k230.c","101","* @brief 鍒ゆ柇鏍￠獙绠楁硶鏄惁宸插疄鐜般€?"
"乱码注释/文本","Code\02_Module\Src\mod_k230.c","102","* @param algo 鐩爣绠楁硶銆?"
"乱码注释/文本","Code\02_Module\Src\mod_k230.c","103","* @return true 鏀寔銆?"
"乱码注释/文本","Code\02_Module\Src\mod_k230.c","104","* @return false 涓嶆敮鎸併€?"
"乱码注释/文本","Code\02_Module\Src\mod_k230.c","112","* @brief 鍒ゆ柇涓婁笅鏂囨槸鍚﹁揪鍒板彲宸ヤ綔鐘舵€併€?"
"乱码注释/文本","Code\02_Module\Src\mod_k230.c","113","* @param ctx 涓婁笅鏂囨寚閽堛€?"
"乱码注释/文本","Code\02_Module\Src\mod_k230.c","114","* @return true 鍙伐浣溿€?"
"乱码注释/文本","Code\02_Module\Src\mod_k230.c","115","* @return false 涓嶅彲宸ヤ綔銆?"
"乱码注释/文本","Code\02_Module\Src\mod_k230.c","126","* @brief 閲嶇疆鍗忚瑙ｆ瀽鐘舵€佹満銆?"
"乱码注释/文本","Code\02_Module\Src\mod_k230.c","127","* @param ctx 涓婁笅鏂囨寚閽堛€?"
"乱码注释/文本","Code\02_Module\Src\mod_k230.c","136","* @brief 閲嶇疆杩愯鎬佺紦瀛橈紙涓嶄慨鏀?inited/bound锛屼笉閲婃斁 UART 璧勬簮锛夈€?"
"乱码注释/文本","Code\02_Module\Src\mod_k230.c","137","* @param ctx 涓婁笅鏂囨寚閽堛€?"
"乱码注释/文本","Code\02_Module\Src\mod_k230.c","150","* @brief 鍒ゆ柇 sem 鏄惁宸插瓨鍦ㄤ簬缁戝畾鍒楄〃涓€?"
"乱码注释/文本","Code\02_Module\Src\mod_k230.c","151","* @param bind 缁戝畾缁撴瀯銆?"
"乱码注释/文本","Code\02_Module\Src\mod_k230.c","152","* @param sem_id 鐩爣淇″彿閲忋€?"
"乱码注释/文本","Code\02_Module\Src\mod_k230.c","153","* @return true 宸插瓨鍦ㄣ€?"
"乱码注释/文本","Code\02_Module\Src\mod_k230.c","154","* @return false 涓嶅瓨鍦ㄣ€?"
"局部变量缺少//注释","Code\02_Module\Src\mod_k230.c","158","for (uint8_t i = 0U; i < bind->sem_count; i++)"
"乱码注释/文本","Code\02_Module\Src\mod_k230.c","169","* @brief 灏嗗閮?bind 閰嶇疆澶嶅埗鍒?ctx->bind锛屽苟鍋氫俊鍙烽噺鍒楄〃娓呮礂銆?"
"乱码注释/文本","Code\02_Module\Src\mod_k230.c","171","* 娓呮礂瑙勫垯锛?"
"乱码注释/文本","Code\02_Module\Src\mod_k230.c","173","* 2. 鑷姩鍘婚噸锛?"
"乱码注释/文本","Code\02_Module\Src\mod_k230.c","174","* 3. 鏈€澶氫繚鐣?MOD_K230_MAX_BIND_SEM 涓€?"
"乱码注释/文本","Code\02_Module\Src\mod_k230.c","176","* @param ctx 鐩爣涓婁笅鏂囥€?"
"乱码注释/文本","Code\02_Module\Src\mod_k230.c","177","* @param bind 澶栭儴缁戝畾閰嶇疆銆?"
"局部变量缺少//注释","Code\02_Module\Src\mod_k230.c","187","for (uint8_t i = 0U; (i < bind->sem_count) && (i < MOD_K230_MAX_BIND_SEM); i++)"
"乱码注释/文本","Code\02_Module\Src\mod_k230.c","199","* @brief 鏍￠獙 bind 鍙傛暟瀹屾暣鎬с€?"
"乱码注释/文本","Code\02_Module\Src\mod_k230.c","200","* @param bind 澶栭儴缁戝畾閰嶇疆銆?"
"乱码注释/文本","Code\02_Module\Src\mod_k230.c","201","* @return true 鍚堟硶銆?"
"乱码注释/文本","Code\02_Module\Src\mod_k230.c","202","* @return false 闈炴硶銆?"
"乱码注释/文本","Code\02_Module\Src\mod_k230.c","227","* @brief 鑾峰彇鐜舰缂撳啿褰撳墠鏈夋晥瀛楄妭鏁般€?"
"乱码注释/文本","Code\02_Module\Src\mod_k230.c","228","* @param ctx 涓婁笅鏂囥€?"
"乱码注释/文本","Code\02_Module\Src\mod_k230.c","229","* @return uint16_t 鍙瀛楄妭鏁般€?"
"乱码注释/文本","Code\02_Module\Src\mod_k230.c","246","* @brief 鍚戠幆褰㈢紦鍐插啓鍏ヤ竴涓瓧鑺傘€?"
"乱码注释/文本","Code\02_Module\Src\mod_k230.c","248","* 褰撶紦鍐叉弧鏃堕噰鐢ㄢ€滆鐩栨渶鏃ф暟鎹€濈瓥鐣ワ紝淇濊瘉鏈€鏂版暟鎹敖閲忎繚鐣欍€?"
"乱码注释/文本","Code\02_Module\Src\mod_k230.c","250","* @param ctx 涓婁笅鏂囥€?"
"乱码注释/文本","Code\02_Module\Src\mod_k230.c","251","* @param data 瀛楄妭鏁版嵁銆?"
"乱码注释/文本","Code\02_Module\Src\mod_k230.c","275","* @brief 鎵归噺鍐欏叆鐜舰缂撳啿銆?"
"乱码注释/文本","Code\02_Module\Src\mod_k230.c","276","* @param ctx 涓婁笅鏂囥€?"
"乱码注释/文本","Code\02_Module\Src\mod_k230.c","277","* @param data 鏁版嵁鍦板潃銆?"
"乱码注释/文本","Code\02_Module\Src\mod_k230.c","278","* @param len 鏁版嵁闀垮害銆?"
"局部变量缺少//注释","Code\02_Module\Src\mod_k230.c","287","for (uint16_t i = 0U; i < len; i++)"
"乱码注释/文本","Code\02_Module\Src\mod_k230.c","296","* @brief 鎸夊綋鍓嶇粦瀹氱畻娉曟牎楠屽畬鏁村抚鍚堟硶鎬с€?"
"乱码注释/文本","Code\02_Module\Src\mod_k230.c","297","* @param ctx 涓婁笅鏂囥€?"
"乱码注释/文本","Code\02_Module\Src\mod_k230.c","298","* @param frame 甯х紦鍐诧紙闀垮害鍥哄畾 MOD_K230_PROTO_FRAME_SIZE锛夈€?"
"乱码注释/文本","Code\02_Module\Src\mod_k230.c","299","* @return true 甯ф湁鏁堛€?"
"乱码注释/文本","Code\02_Module\Src\mod_k230.c","300","* @return false 甯ф棤鏁堛€?"
"乱码注释/文本","Code\02_Module\Src\mod_k230.c","327","/* 棰勭暀鍒嗘敮锛氭湭鏉ユ墿灞曟柊绠楁硶鍚庡湪姝よ拷鍔犮€?*/"
"乱码注释/文本","Code\02_Module\Src\mod_k230.c","333","* @brief 灏嗗畬鏁存湁鏁堝抚瑙ｇ爜涓轰笟鍔℃暟鎹粨鏋勩€?"
"乱码注释/文本","Code\02_Module\Src\mod_k230.c","334","* @param frame 杈撳叆甯с€?"
"乱码注释/文本","Code\02_Module\Src\mod_k230.c","335","* @param out_frame 杈撳嚭缁撴瀯浣撱€?"
"乱码注释/文本","Code\02_Module\Src\mod_k230.c","353","* @brief 褰撹В鏋愬埌鏃犳晥甯ф椂锛屽皾璇曞湪褰撳墠缂撳瓨涓噸鍚屾甯уご銆?"
"乱码注释/文本","Code\02_Module\Src\mod_k230.c","355","* 绛栫暐锛?"
"乱码注释/文本","Code\02_Module\Src\mod_k230.c","356","* 1. 浠?parse_buf[1] 寮€濮嬫壂鎻忔綔鍦ㄥ抚澶?AA AA锛?"
"乱码注释/文本","Code\02_Module\Src\mod_k230.c","357","* 2. 鑻ユ壘鍒板垯灏嗗墿浣欏瓧鑺傚墠绉伙紝淇濈暀涓轰笅娆＄户缁嫾甯х殑鍓嶇紑锛?"
"乱码注释/文本","Code\02_Module\Src\mod_k230.c","358","* 3. 鑻ヤ粎鏈€鍚庝竴涓瓧鑺傛槸 AA锛屽垯淇濈暀 1 瀛楄妭鍓嶇紑锛?"
"乱码注释/文本","Code\02_Module\Src\mod_k230.c","359","* 4. 鍚﹀垯瑙ｆ瀽缂撳瓨娓呯┖銆?"
"乱码注释/文本","Code\02_Module\Src\mod_k230.c","361","* @param ctx 涓婁笅鏂囥€?"
"局部变量缺少//注释","Code\02_Module\Src\mod_k230.c","367","for (uint8_t i = 1U; i < MOD_K230_PROTO_FRAME_SIZE; i++)"
"乱码注释/文本","Code\02_Module\Src\mod_k230.c","391","* @brief 鍚戞祦寮忚В鏋愬櫒鍠傚叆 1 瀛楄妭銆?"
"乱码注释/文本","Code\02_Module\Src\mod_k230.c","392","* @param ctx 涓婁笅鏂囥€?"
"乱码注释/文本","Code\02_Module\Src\mod_k230.c","393","* @param byte 杈撳叆瀛楄妭銆?"
"乱码注释/文本","Code\02_Module\Src\mod_k230.c","394","* @param out_frame 鑻ユ湰娆″畬鎴愪竴甯ф湁鏁堣В鐮侊紝鍒欒緭鍑虹粨鏋溿€?"
"乱码注释/文本","Code\02_Module\Src\mod_k230.c","395","* @return true 鏈鍠傚叆鍚庡緱鍒颁竴甯ф湁鏁堝抚銆?"
"乱码注释/文本","Code\02_Module\Src\mod_k230.c","396","* @return false 鏈緱鍒版湁鏁堝抚銆?"
"乱码注释/文本","Code\02_Module\Src\mod_k230.c","402","/* 鐘舵€?锛氫粎鎺ュ彈绗竴涓抚澶村瓧鑺?AA銆?*/"
"乱码注释/文本","Code\02_Module\Src\mod_k230.c","413","/* 鐘舵€?锛氫粎鎺ュ彈绗簩涓抚澶村瓧鑺?AA銆?*/"
"乱码注释/文本","Code\02_Module\Src\mod_k230.c","423","/* 杩炵画 AA 鐨勫満鏅細淇濇寔涓衡€滃凡鏀跺埌绗?涓ご瀛楄妭鈥濄€?*/"
"乱码注释/文本","Code\02_Module\Src\mod_k230.c","434","/* 鐘舵€?..N锛氭寔缁敹闆嗙洿鍒板噾婊″浐瀹氬抚闀裤€?*/"
"乱码注释/文本","Code\02_Module\Src\mod_k230.c","458","* @brief 鑾峰彇鍙戦€佷簰鏂ラ攣銆?"
"乱码注释/文本","Code\02_Module\Src\mod_k230.c","459","* @param ctx 涓婁笅鏂囥€?"
"乱码注释/文本","Code\02_Module\Src\mod_k230.c","460","* @return true 鍔犻攣鎴愬姛鎴栨湭閰嶇疆浜掓枼閿併€?"
"乱码注释/文本","Code\02_Module\Src\mod_k230.c","461","* @return false 鍔犻攣澶辫触銆?"
"乱码注释/文本","Code\02_Module\Src\mod_k230.c","473","* @brief 閲婃斁鍙戦€佷簰鏂ラ攣銆?"
"乱码注释/文本","Code\02_Module\Src\mod_k230.c","474","* @param ctx 涓婁笅鏂囥€?"
"乱码注释/文本","Code\02_Module\Src\mod_k230.c","485","* @brief 閫氱煡鍏ㄩ儴宸茬粦瀹氫俊鍙烽噺鈥滄湁鏂版帴鏀舵暟鎹€濄€?"
"乱码注释/文本","Code\02_Module\Src\mod_k230.c","486","* @param ctx 涓婁笅鏂囥€?"
"局部变量缺少//注释","Code\02_Module\Src\mod_k230.c","490","for (uint8_t i = 0U; i < ctx->bind.sem_count; i++)"
"乱码注释/文本","Code\02_Module\Src\mod_k230.c","500","* @brief 鍏抽棴褰撳墠 K230 鎺ユ敹 DMA 鐨勫崐浼犺緭涓柇锛圚T锛夈€?"
"乱码注释/文本","Code\02_Module\Src\mod_k230.c","503","* 褰撳墠 K230 鎺ユ敹閾捐矾閲囩敤銆孯eceiveToIdle + 姝ｅ父妯″紡 DMA + 鍥炶皟鍚庨噸鍚?DMA銆嶃€?"
"乱码注释/文本","Code\02_Module\Src\mod_k230.c","504","* 鍦ㄨ绛栫暐涓嬶紝HT 涓柇浼氬紩鍏ヤ腑闂村垎娈靛洖璋冿紝涓嶇鍚堝綋鍓嶉摼璺殑涓€娆℃€ф惉杩愰鏈燂紝"
"乱码注释/文本","Code\02_Module\Src\mod_k230.c","505","* 鍥犳杩欓噷鏄惧紡鍏抽棴 HT锛屼粎淇濈暀 IDLE/TC 浜嬩欢椹卞姩銆?"
"乱码注释/文本","Code\02_Module\Src\mod_k230.c","507","* @param ctx K230 涓婁笅鏂囨寚閽堛€?"
"乱码注释/文本","Code\02_Module\Src\mod_k230.c","525","* @brief 鍒ゆ柇褰撳墠 RxEvent 鏄惁涓?DMA 鍗婁紶杈撲簨浠讹紙HT锛夈€?"
"乱码注释/文本","Code\02_Module\Src\mod_k230.c","528","* HAL 鐨?ReceiveToIdle DMA 鍥炶皟鍙兘鏉ヨ嚜 HT/TC/IDLE 涓夌被浜嬩欢銆?"
"乱码注释/文本","Code\02_Module\Src\mod_k230.c","529","* 瀵瑰綋鍓?K230 瀹炵幇锛孒T 浜嬩欢闇€瑕佽杩囨护锛岄伩鍏嶆彁鍓嶆惉杩愪笌鎻愬墠閲嶅惎 DMA銆?"
"乱码注释/文本","Code\02_Module\Src\mod_k230.c","531","* @param ctx K230 涓婁笅鏂囨寚閽堛€?"
"乱码注释/文本","Code\02_Module\Src\mod_k230.c","532","* @return true  褰撳墠鍥炶皟浜嬩欢绫诲瀷鏄?HT銆?"
"乱码注释/文本","Code\02_Module\Src\mod_k230.c","533","* @return false 褰撳墠鍥炶皟浜嬩欢绫诲瀷涓嶆槸 HT锛屾垨涓婁笅鏂囨棤鏁堛€?"
"乱码注释/文本","Code\02_Module\Src\mod_k230.c","549","* @brief 閲嶅惎 DMA 鎺ユ敹锛涘け璐ユ椂鍋氫竴娆?stop+retry銆?"
"乱码注释/文本","Code\02_Module\Src\mod_k230.c","550","* @param ctx 涓婁笅鏂囥€?"
"乱码注释/文本","Code\02_Module\Src\mod_k230.c","575","* @brief K230 涓撳睘 RX 浜嬩欢澶勭悊锛堢敱鍒嗗彂鍣ㄦ惡甯?ctx 璋冪敤锛夈€?"
"乱码注释/文本","Code\02_Module\Src\mod_k230.c","576","* @param ctx 涓婁笅鏂囥€?"
"乱码注释/文本","Code\02_Module\Src\mod_k230.c","577","* @param len 鏈 DMA 鍥炶皟鎶ュ憡闀垮害銆?"
"乱码注释/文本","Code\02_Module\Src\mod_k230.c","587","* HT 浜嬩欢璇存槑 DMA 鍙畬鎴愪簡鍗婃鎼繍锛屾鏃朵笉搴旀秷璐规暟鎹€佷篃涓嶅簲閲嶅惎 DMA銆?"
"乱码注释/文本","Code\02_Module\Src\mod_k230.c","588","* 杩欓噷鐩存帴蹇界暐 HT锛岀瓑寰呭悗缁?IDLE/TC 浜嬩欢鍐嶆墽琛屽畬鏁存惉杩愭祦绋嬨€?"
"乱码注释/文本","Code\02_Module\Src\mod_k230.c","610","* @brief UART 绱㈠紩鍒嗗彂鍏ュ彛銆?"
"乱码注释/文本","Code\02_Module\Src\mod_k230.c","611","* @param uart_idx UART 鍥哄畾绱㈠紩銆?"
"乱码注释/文本","Code\02_Module\Src\mod_k230.c","612","* @param len 鏈鍥炶皟闀垮害銆?"
"乱码注释/文本","Code\02_Module\Src\mod_k230.c","633","/* 鍥哄畾鍥炶皟琛細鎸?UART 绱㈠紩閫夊搴斿垎鍙戝叆鍙ｃ€?*/"
"占位注释","Code\02_Module\Src\mod_k230.c","652","* @brief  函数说明：mod_k230_init"
"占位注释","Code\02_Module\Src\mod_k230.c","653","* @param bind 参数说明"
"占位注释","Code\02_Module\Src\mod_k230.c","654","* @return 返回值说明"
"占位注释","Code\02_Module\Src\mod_k230.c","681","* @brief  函数说明：mod_k230_deinit"
"占位注释","Code\02_Module\Src\mod_k230.c","683","* @return 返回值说明"
"占位注释","Code\02_Module\Src\mod_k230.c","700","* @brief  函数说明：mod_k230_ctx_init"
"占位注释","Code\02_Module\Src\mod_k230.c","701","* @param ctx 参数说明"
"占位注释","Code\02_Module\Src\mod_k230.c","702","* @param bind 参数说明"
"占位注释","Code\02_Module\Src\mod_k230.c","703","* @return 返回值说明"
"占位注释","Code\02_Module\Src\mod_k230.c","731","* @brief  函数说明：mod_k230_ctx_deinit"
"占位注释","Code\02_Module\Src\mod_k230.c","732","* @param ctx 参数说明"
"占位注释","Code\02_Module\Src\mod_k230.c","733","* @return 返回值说明"
"占位注释","Code\02_Module\Src\mod_k230.c","748","* @brief  函数说明：mod_k230_bind"
"占位注释","Code\02_Module\Src\mod_k230.c","749","* @param ctx 参数说明"
"占位注释","Code\02_Module\Src\mod_k230.c","750","* @param bind 参数说明"
"占位注释","Code\02_Module\Src\mod_k230.c","751","* @return 返回值说明"
"乱码注释/文本","Code\02_Module\Src\mod_k230.c","775","/* 閲嶆柊缁戝畾鏃讹紝鍏堝畬鏁撮噴鏀炬棫缁戝畾锛岀‘淇?UART 褰掑睘鍜屽洖璋冪姸鎬佸共鍑€銆?*/"
"乱码注释/文本","Code\02_Module\Src\mod_k230.c","789","/* 鍏堢櫥璁版槧灏勶紝鍐嶆敞鍐屽洖璋冨苟鍚姩 DMA锛岄伩鍏嶁€滃厛鍒板洖璋冩壘涓嶅埌 ctx鈥濄€?*/"
"占位注释","Code\02_Module\Src\mod_k230.c","819","* @brief  函数说明：mod_k230_unbind"
"占位注释","Code\02_Module\Src\mod_k230.c","820","* @param ctx 参数说明"
"占位注释","Code\02_Module\Src\mod_k230.c","821","* @return 返回值说明"
"占位注释","Code\02_Module\Src\mod_k230.c","853","* @brief  函数说明：mod_k230_is_bound"
"占位注释","Code\02_Module\Src\mod_k230.c","854","* @param ctx 参数说明"
"占位注释","Code\02_Module\Src\mod_k230.c","855","* @return 返回值说明"
"占位注释","Code\02_Module\Src\mod_k230.c","864","* @brief  函数说明：mod_k230_set_checksum_algo"
"占位注释","Code\02_Module\Src\mod_k230.c","865","* @param ctx 参数说明"
"占位注释","Code\02_Module\Src\mod_k230.c","866","* @param algo 参数说明"
"占位注释","Code\02_Module\Src\mod_k230.c","867","* @return 返回值说明"
"占位注释","Code\02_Module\Src\mod_k230.c","886","* @brief  函数说明：mod_k230_add_semaphore"
"占位注释","Code\02_Module\Src\mod_k230.c","887","* @param ctx 参数说明"
"占位注释","Code\02_Module\Src\mod_k230.c","888","* @param sem_id 参数说明"
"占位注释","Code\02_Module\Src\mod_k230.c","889","* @return 返回值说明"
"占位注释","Code\02_Module\Src\mod_k230.c","920","* @brief  函数说明：mod_k230_remove_semaphore"
"占位注释","Code\02_Module\Src\mod_k230.c","921","* @param ctx 参数说明"
"占位注释","Code\02_Module\Src\mod_k230.c","922","* @param sem_id 参数说明"
"占位注释","Code\02_Module\Src\mod_k230.c","923","* @return 返回值说明"
"局部变量缺少//注释","Code\02_Module\Src\mod_k230.c","938","for (uint8_t i = 0U; i < ctx->bind.sem_count; i++)"
"局部变量缺少//注释","Code\02_Module\Src\mod_k230.c","942","for (uint8_t j = i; (j + 1U) < ctx->bind.sem_count; j++)"
"占位注释","Code\02_Module\Src\mod_k230.c","958","* @brief  函数说明：mod_k230_clear_semaphores"
"占位注释","Code\02_Module\Src\mod_k230.c","959","* @param ctx 参数说明"
"占位注释","Code\02_Module\Src\mod_k230.c","960","* @return 返回值说明"
"占位注释","Code\02_Module\Src\mod_k230.c","979","* @brief  函数说明：mod_k230_set_tx_mutex"
"占位注释","Code\02_Module\Src\mod_k230.c","980","* @param ctx 参数说明"
"占位注释","Code\02_Module\Src\mod_k230.c","981","* @param mutex_id 参数说明"
"占位注释","Code\02_Module\Src\mod_k230.c","982","* @return 返回值说明"
"占位注释","Code\02_Module\Src\mod_k230.c","1000","* @brief  函数说明：mod_k230_send_bytes"
"占位注释","Code\02_Module\Src\mod_k230.c","1001","* @param ctx 参数说明"
"占位注释","Code\02_Module\Src\mod_k230.c","1002","* @param data 参数说明"
"占位注释","Code\02_Module\Src\mod_k230.c","1003","* @param len 参数说明"
"占位注释","Code\02_Module\Src\mod_k230.c","1004","* @return 返回值说明"
"占位注释","Code\02_Module\Src\mod_k230.c","1032","* @brief  函数说明：mod_k230_is_tx_free"
"占位注释","Code\02_Module\Src\mod_k230.c","1033","* @param ctx 参数说明"
"占位注释","Code\02_Module\Src\mod_k230.c","1034","* @return 返回值说明"
"占位注释","Code\02_Module\Src\mod_k230.c","1048","* @brief  函数说明：mod_k230_available"
"占位注释","Code\02_Module\Src\mod_k230.c","1049","* @param ctx 参数说明"
"占位注释","Code\02_Module\Src\mod_k230.c","1050","* @return 返回值说明"
"占位注释","Code\02_Module\Src\mod_k230.c","1070","* @brief  函数说明：mod_k230_read_bytes"
"占位注释","Code\02_Module\Src\mod_k230.c","1071","* @param ctx 参数说明"
"占位注释","Code\02_Module\Src\mod_k230.c","1072","* @param out 参数说明"
"占位注释","Code\02_Module\Src\mod_k230.c","1073","* @param max_len 参数说明"
"占位注释","Code\02_Module\Src\mod_k230.c","1074","* @return 返回值说明"
"占位注释","Code\02_Module\Src\mod_k230.c","1106","* @brief  函数说明：mod_k230_clear_rx_buffer"
"占位注释","Code\02_Module\Src\mod_k230.c","1107","* @param ctx 参数说明"
"占位注释","Code\02_Module\Src\mod_k230.c","1108","* @return 返回值说明"
"占位注释","Code\02_Module\Src\mod_k230.c","1129","* @brief  函数说明：mod_k230_get_latest_frame"
"占位注释","Code\02_Module\Src\mod_k230.c","1130","* @param ctx 参数说明"
"占位注释","Code\02_Module\Src\mod_k230.c","1131","* @param out_frame 参数说明"
"占位注释","Code\02_Module\Src\mod_k230.c","1132","* @return 返回值说明"
"局部变量缺少//注释","Code\02_Module\Src\mod_k230.c","1158","for (uint16_t i = 0U; i < read_len; i++)"
"占位注释","Code\02_Module\Src\mod_key.c","3","* @brief   代码文件功能说明"
"占位注释","Code\02_Module\Src\mod_key.c","126","* @brief  函数说明：mod_key_init"
"占位注释","Code\02_Module\Src\mod_key.c","128","* @return 返回值说明"
"占位注释","Code\02_Module\Src\mod_key.c","158","* @brief  函数说明：mod_key_scan"
"占位注释","Code\02_Module\Src\mod_key.c","160","* @return 返回值说明"
"占位注释","Code\02_Module\Src\mod_led.c","3","* @brief   代码文件功能说明"
"乱码注释/文本","Code\02_Module\Src\mod_led.c","14","/* LED妯″潡缁戝畾鐘舵€?*/"
"乱码注释/文本","Code\02_Module\Src\mod_led.c","18","* @brief 鏍￠獙LED ID鏄惁鍚堟硶"
"乱码注释/文本","Code\02_Module\Src\mod_led.c","26","* @brief 鐢靛钩鍙栧弽宸ュ叿鍑芥暟"
"乱码注释/文本","Code\02_Module\Src\mod_led.c","34","* @brief 鏍￠獙鍗曚釜LED鏄犲皠椤?"
"占位注释","Code\02_Module\Src\mod_led.c","52","* @brief  函数说明：mod_led_bind_map"
"占位注释","Code\02_Module\Src\mod_led.c","53","* @param map 参数说明"
"占位注释","Code\02_Module\Src\mod_led.c","54","* @param map_num 参数说明"
"占位注释","Code\02_Module\Src\mod_led.c","55","* @return 返回值说明"
"乱码注释/文本","Code\02_Module\Src\mod_led.c","60","// 1. 鍩虹鍙傛暟鏍￠獙銆?"
"乱码注释/文本","Code\02_Module\Src\mod_led.c","66","// 2. 閫愰」鏍￠獙鏄犲皠鍐呭銆?"
"局部变量缺少//注释","Code\02_Module\Src\mod_led.c","67","for (uint8_t i = 0U; i < LED_MAX; i++)"
"乱码注释/文本","Code\02_Module\Src\mod_led.c","75","// 3. 淇濆瓨鏄犲皠骞舵爣璁扮粦瀹氭垚鍔熴€?"
"占位注释","Code\02_Module\Src\mod_led.c","83","* @brief  函数说明：mod_led_unbind_map"
"占位注释","Code\02_Module\Src\mod_led.c","85","* @return 返回值说明"
"占位注释","Code\02_Module\Src\mod_led.c","94","* @brief  函数说明：mod_led_is_bound"
"占位注释","Code\02_Module\Src\mod_led.c","96","* @return 返回值说明"
"占位注释","Code\02_Module\Src\mod_led.c","105","* @brief  函数说明：mod_led_init"
"占位注释","Code\02_Module\Src\mod_led.c","107","* @return 返回值说明"
"乱码注释/文本","Code\02_Module\Src\mod_led.c","112","// 1. 鏈粦瀹氭椂鐩存帴杩斿洖锛岄伩鍏嶉敊璇闂瓽PIO璧勬簮銆?"
"乱码注释/文本","Code\02_Module\Src\mod_led.c","118","// 2. 鍒濆鍖栨椂鍏抽棴鍏ㄩ儴LED锛屼繚璇佷笂鐢电姸鎬佸彲鎺с€?"
"局部变量缺少//注释","Code\02_Module\Src\mod_led.c","119","for (uint8_t i = 0U; i < LED_MAX; i++)"
"占位注释","Code\02_Module\Src\mod_led.c","126","* @brief  函数说明：mod_led_Init"
"占位注释","Code\02_Module\Src\mod_led.c","128","* @return 返回值说明"
"占位注释","Code\02_Module\Src\mod_led.c","136","* @brief  函数说明：mod_led_on"
"占位注释","Code\02_Module\Src\mod_led.c","137","* @param led 参数说明"
"占位注释","Code\02_Module\Src\mod_led.c","138","* @return 返回值说明"
"乱码注释/文本","Code\02_Module\Src\mod_led.c","145","// 1. 鍙傛暟鍜岀粦瀹氱姸鎬佹鏌ャ€?"
"乱码注释/文本","Code\02_Module\Src\mod_led.c","151","// 2. 鍙栧嚭鏄犲皠閰嶇疆銆?"
"乱码注释/文本","Code\02_Module\Src\mod_led.c","154","// 3. 杈撳嚭鏈夋晥鐢靛钩锛岀偣浜甃ED銆?"
"占位注释","Code\02_Module\Src\mod_led.c","159","* @brief  函数说明：mod_led_off"
"占位注释","Code\02_Module\Src\mod_led.c","160","* @param led 参数说明"
"占位注释","Code\02_Module\Src\mod_led.c","161","* @return 返回值说明"
"乱码注释/文本","Code\02_Module\Src\mod_led.c","168","// 1. 鍙傛暟鍜岀粦瀹氱姸鎬佹鏌ャ€?"
"乱码注释/文本","Code\02_Module\Src\mod_led.c","174","// 2. 鍙栧嚭鏄犲皠閰嶇疆銆?"
"乱码注释/文本","Code\02_Module\Src\mod_led.c","177","// 3. 杈撳嚭鍙嶇浉鐢靛钩锛岀唲鐏璍ED銆?"
"占位注释","Code\02_Module\Src\mod_led.c","182","* @brief  函数说明：mod_led_toggle"
"占位注释","Code\02_Module\Src\mod_led.c","183","* @param led 参数说明"
"占位注释","Code\02_Module\Src\mod_led.c","184","* @return 返回值说明"
"乱码注释/文本","Code\02_Module\Src\mod_led.c","191","// 1. 鍙傛暟鍜岀粦瀹氱姸鎬佹鏌ャ€?"
"乱码注释/文本","Code\02_Module\Src\mod_led.c","197","// 2. 鍙栧嚭鏄犲皠閰嶇疆銆?"
"乱码注释/文本","Code\02_Module\Src\mod_led.c","200","// 3. 缈昏浆褰撳墠鐢靛钩銆?"
"占位注释","Code\02_Module\Src\mod_motor.c","3","* @brief   代码文件功能说明"
"乱码注释/文本","Code\02_Module\Src\mod_motor.c","28","/* 缁戝畾鐘舵€佹爣蹇?*/"
"乱码注释/文本","Code\02_Module\Src\mod_motor.c","37","* @brief 鏍￠獙鐢垫満ID鏄惁鍚堟硶"
"乱码注释/文本","Code\02_Module\Src\mod_motor.c","45","* @brief 鏍￠獙鍗曚釜鏄犲皠椤规槸鍚﹀悎娉?"
"乱码注释/文本","Code\02_Module\Src\mod_motor.c","49","// 1. 鍏堝仛绌烘寚閽堜繚鎶ゃ€?"
"乱码注释/文本","Code\02_Module\Src\mod_motor.c","55","// 2. GPIO鏂瑰悜鎺у埗寮曡剼蹇呴』瀹屾暣銆?"
"乱码注释/文本","Code\02_Module\Src\mod_motor.c","61","// 3. PWM鍜岀紪鐮佸櫒鐨勫畾鏃跺櫒鍙ユ焺蹇呴』鏈夋晥銆?"
"乱码注释/文本","Code\02_Module\Src\mod_motor.c","67","// 4. 缂栫爜鍣ㄤ綅瀹藉繀椤绘槸椹卞姩灞傛敮鎸佺殑16浣嶆垨32浣嶃€?"
"乱码注释/文本","Code\02_Module\Src\mod_motor.c","74","// 5. 閫氳繃鍏ㄩ儴鏍￠獙銆?"
"占位注释","Code\02_Module\Src\mod_motor.c","79","* @brief  函数说明：mod_motor_bind_map"
"占位注释","Code\02_Module\Src\mod_motor.c","80","* @param map 参数说明"
"占位注释","Code\02_Module\Src\mod_motor.c","81","* @param map_num 参数说明"
"占位注释","Code\02_Module\Src\mod_motor.c","82","* @return 返回值说明"
"乱码注释/文本","Code\02_Module\Src\mod_motor.c","87","// 1. 鍩虹鍙傛暟鏍￠獙锛氭寚閽堜笉鑳戒负绌猴紝鏁伴噺蹇呴』涓€鑷淬€?"
"乱码注释/文本","Code\02_Module\Src\mod_motor.c","93","// 2. 閫愰」鏍￠獙姣忎釜閫氶亾鏄犲皠鏄惁鍚堟硶銆?"
"局部变量缺少//注释","Code\02_Module\Src\mod_motor.c","94","for (uint8_t i = 0U; i < MOD_MOTOR_MAX; i++)"
"乱码注释/文本","Code\02_Module\Src\mod_motor.c","102","// 3. 鎷疯礉鏄犲皠骞惰缃粦瀹氭垚鍔熸爣蹇椼€?"
"乱码注释/文本","Code\02_Module\Src\mod_motor.c","106","// 4. 杩斿洖鎴愬姛銆?"
"占位注释","Code\02_Module\Src\mod_motor.c","111","* @brief  函数说明：mod_motor_unbind_map"
"占位注释","Code\02_Module\Src\mod_motor.c","113","* @return 返回值说明"
"乱码注释/文本","Code\02_Module\Src\mod_motor.c","118","// 1. 浠呮竻绌虹粦瀹氭爣蹇楋紝鏄犲皠缂撳瓨淇濈暀锛堥噸鏂扮粦瀹氭椂浼氳鐩栵級銆?"
"占位注释","Code\02_Module\Src\mod_motor.c","123","* @brief  函数说明：mod_motor_is_bound"
"占位注释","Code\02_Module\Src\mod_motor.c","125","* @return 返回值说明"
"乱码注释/文本","Code\02_Module\Src\mod_motor.c","130","// 1. 鐩存帴杩斿洖褰撳墠缁戝畾鐘舵€併€?"
"乱码注释/文本","Code\02_Module\Src\mod_motor.c","159","// 1. 璁剧疆IN1銆?"
"乱码注释/文本","Code\02_Module\Src\mod_motor.c","162","// 2. 璁剧疆IN2銆?"
"乱码注释/文本","Code\02_Module\Src\mod_motor.c","171","// 1. 鑻ョ‖浠舵湭灏辩华锛岀洿鎺ヨ繑鍥炪€?"
"乱码注释/文本","Code\02_Module\Src\mod_motor.c","177","// 2. 鏍规嵁绗﹀彿鍐冲畾鏂瑰悜锛涚鍙蜂负0鏃舵墽琛屾粦琛岃緭鍑恒€?"
"乱码注释/文本","Code\02_Module\Src\mod_motor.c","192","// 3. 涓嬪彂PWM鍗犵┖姣斻€?"
"乱码注释/文本","Code\02_Module\Src\mod_motor.c","201","// 1. TB6612鐭埞锛欼N1/IN2鍚屾椂鎷夐珮銆?"
"乱码注释/文本","Code\02_Module\Src\mod_motor.c","204","// 2. 鑻WM宸插氨缁紝鎷夊埌鏈€澶у崰绌烘瘮澧炲己鍒硅溅鍔涘害銆?"
"乱码注释/文本","Code\02_Module\Src\mod_motor.c","216","// 1. 婊戣妯″紡锛欼N1/IN2鍚屾椂鎷変綆銆?"
"乱码注释/文本","Code\02_Module\Src\mod_motor.c","219","// 2. 鑻WM宸插氨缁紝鍗犵┖姣旀竻闆躲€?"
"乱码注释/文本","Code\02_Module\Src\mod_motor.c","227","* @brief 鐪熸鎵ц椹卞姩鎸囦护锛堝凡杩囬浂淇濇姢鍚庯級"
"乱码注释/文本","Code\02_Module\Src\mod_motor.c","236","// 1. 鎻愬彇鏂瑰悜绗﹀彿鍜岀粷瀵瑰崰绌烘瘮銆?"
"乱码注释/文本","Code\02_Module\Src\mod_motor.c","248","// 2. 鎵ц椹卞姩銆?"
"乱码注释/文本","Code\02_Module\Src\mod_motor.c","251","// 3. 璁板綍鏈瀹為檯杈撳嚭鏂瑰悜銆?"
"占位注释","Code\02_Module\Src\mod_motor.c","256","* @brief  函数说明：mod_motor_init"
"占位注释","Code\02_Module\Src\mod_motor.c","258","* @return 返回值说明"
"乱码注释/文本","Code\02_Module\Src\mod_motor.c","263","// 1. 寮哄埗缁戝畾妫€鏌ワ細鏈粦瀹氭椂鐩存帴鎶婄姸鎬佹爣涓轰笉鍙敤骞堕€€鍑恒€?"
"乱码注释/文本","Code\02_Module\Src\mod_motor.c","270","// 2. 閬嶅巻鎵€鏈夌數鏈洪€氶亾鎵ц鍒濆鍖栥€?"
"局部变量缺少//注释","Code\02_Module\Src\mod_motor.c","271","for (uint8_t i = 0U; i < MOD_MOTOR_MAX; i++)"
"乱码注释/文本","Code\02_Module\Src\mod_motor.c","278","// 2.1 鍏堟竻绌虹姸鎬佹満杩愯鐘舵€併€?"
"乱码注释/文本","Code\02_Module\Src\mod_motor.c","287","// 2.2 鍒濆鍖栧苟鍚姩PWM銆?"
"乱码注释/文本","Code\02_Module\Src\mod_motor.c","298","// 2.3 鍒濆鍖栧苟鍚姩缂栫爜鍣ㄣ€?"
"乱码注释/文本","Code\02_Module\Src\mod_motor.c","308","// 2.4 鍙湁涓ら」閮芥垚鍔熸墠绠楃‖浠跺氨缁€?"
"乱码注释/文本","Code\02_Module\Src\mod_motor.c","311","// 2.5 涓婄數榛樿杩涘叆婊戣瀹夊叏鎬併€?"
"占位注释","Code\02_Module\Src\mod_motor.c","317","* @brief  函数说明：mod_motor_set_mode"
"占位注释","Code\02_Module\Src\mod_motor.c","318","* @param id 参数说明"
"占位注释","Code\02_Module\Src\mod_motor.c","319","* @param mode 参数说明"
"占位注释","Code\02_Module\Src\mod_motor.c","320","* @return 返回值说明"
"乱码注释/文本","Code\02_Module\Src\mod_motor.c","325","// 1. ID闈炴硶鐩存帴杩斿洖銆?"
"乱码注释/文本","Code\02_Module\Src\mod_motor.c","331","// 2. 妯″潡鏈粦瀹氭椂鐩存帴杩斿洖銆?"
"乱码注释/文本","Code\02_Module\Src\mod_motor.c","337","// 3. 璁板綍妯″紡骞舵竻闄よ繃闆舵寕璧锋爣蹇椼€?"
"乱码注释/文本","Code\02_Module\Src\mod_motor.c","341","// 4. 鏍规嵁妯″紡鐩存帴鏂藉姞杈撳嚭銆?"
"占位注释","Code\02_Module\Src\mod_motor.c","353","* @brief  函数说明：mod_motor_set_duty"
"占位注释","Code\02_Module\Src\mod_motor.c","354","* @param id 参数说明"
"占位注释","Code\02_Module\Src\mod_motor.c","355","* @param duty 参数说明"
"占位注释","Code\02_Module\Src\mod_motor.c","356","* @return 返回值说明"
"乱码注释/文本","Code\02_Module\Src\mod_motor.c","365","// 1. ID闈炴硶鐩存帴杩斿洖銆?"
"乱码注释/文本","Code\02_Module\Src\mod_motor.c","371","// 2. 妯″潡鏈粦瀹氱洿鎺ヨ繑鍥炪€?"
"乱码注释/文本","Code\02_Module\Src\mod_motor.c","379","// 3. 纭欢鏈氨缁垨妯″紡闈濪RIVE鏃讹紝涓嶅搷搴斿崰绌烘瘮鍛戒护銆?"
"乱码注释/文本","Code\02_Module\Src\mod_motor.c","385","// 4. 鍏堥檺骞咃紝鍐嶆彁鍙栨柟鍚戠鍙枫€?"
"乱码注释/文本","Code\02_Module\Src\mod_motor.c","396","// 5. 鑻ュ彂鐢熷弽鍚戝垏鎹紝鎵ц杩囬浂淇濇姢銆?"
"乱码注释/文本","Code\02_Module\Src\mod_motor.c","406","// 6. 鍚屽悜鎴栭潤姝㈠惎鍔紝鐩存帴鎵ц锛涜嫢澶勪簬鎸傝捣鏈燂紝浠呮洿鏂版寕璧峰€笺€?"
"占位注释","Code\02_Module\Src\mod_motor.c","419","* @brief  函数说明：mod_motor_tick"
"占位注释","Code\02_Module\Src\mod_motor.c","421","* @return 返回值说明"
"乱码注释/文本","Code\02_Module\Src\mod_motor.c","426","// 1. 妯″潡鏈粦瀹氭椂鐩存帴杩斿洖銆?"
"乱码注释/文本","Code\02_Module\Src\mod_motor.c","432","// 2. 閬嶅巻鎵€鏈夐€氶亾鍒锋柊鐘舵€併€?"
"局部变量缺少//注释","Code\02_Module\Src\mod_motor.c","433","for (uint8_t i = 0U; i < MOD_MOTOR_MAX; i++)"
"乱码注释/文本","Code\02_Module\Src\mod_motor.c","437","// 2.1 纭欢灏辩华鏃舵洿鏂伴€熷害鍜屼綅缃€?"
"乱码注释/文本","Code\02_Module\Src\mod_motor.c","443","// 2.2 澶勭悊杩囬浂鎸傝捣鍛戒护銆?"
"乱码注释/文本","Code\02_Module\Src\mod_motor.c","455","// 2.3 纭欢鏈氨缁椂閫熷害璇绘暟寮哄埗褰掗浂銆?"
"占位注释","Code\02_Module\Src\mod_motor.c","462","* @brief  函数说明：mod_motor_get_speed"
"占位注释","Code\02_Module\Src\mod_motor.c","463","* @param id 参数说明"
"占位注释","Code\02_Module\Src\mod_motor.c","464","* @return 返回值说明"
"乱码注释/文本","Code\02_Module\Src\mod_motor.c","469","// 1. ID闈炴硶鐩存帴杩斿洖0銆?"
"乱码注释/文本","Code\02_Module\Src\mod_motor.c","475","// 2. 妯″潡鏈粦瀹氱洿鎺ヨ繑鍥?銆?"
"乱码注释/文本","Code\02_Module\Src\mod_motor.c","481","// 3. 杩斿洖缂撳瓨閫熷害銆?"
"占位注释","Code\02_Module\Src\mod_motor.c","486","* @brief  函数说明：mod_motor_get_position"
"占位注释","Code\02_Module\Src\mod_motor.c","487","* @param id 参数说明"
"占位注释","Code\02_Module\Src\mod_motor.c","488","* @return 返回值说明"
"乱码注释/文本","Code\02_Module\Src\mod_motor.c","493","// 1. ID闈炴硶鐩存帴杩斿洖0銆?"
"乱码注释/文本","Code\02_Module\Src\mod_motor.c","499","// 2. 妯″潡鏈粦瀹氱洿鎺ヨ繑鍥?銆?"
"乱码注释/文本","Code\02_Module\Src\mod_motor.c","505","// 3. 杩斿洖绱浣嶇疆銆?"
"占位注释","Code\02_Module\Src\mod_oled_data.c","3","* @brief   代码文件功能说明"
"占位注释","Code\02_Module\Src\mod_relay.c","3","* @brief   代码文件功能说明"
"乱码注释/文本","Code\02_Module\Src\mod_relay.c","14","/* 缁х數鍣ㄦā鍧楃粦瀹氱姸鎬?*/"
"乱码注释/文本","Code\02_Module\Src\mod_relay.c","18","* @brief 鏍￠獙缁х數鍣↖D鏄惁鍚堟硶"
"乱码注释/文本","Code\02_Module\Src\mod_relay.c","26","* @brief 鐢靛钩鍙栧弽宸ュ叿鍑芥暟"
"乱码注释/文本","Code\02_Module\Src\mod_relay.c","34","* @brief 鏍￠獙鍗曚釜缁х數鍣ㄦ槧灏勯」"
"占位注释","Code\02_Module\Src\mod_relay.c","52","* @brief  函数说明：mod_relay_bind_map"
"占位注释","Code\02_Module\Src\mod_relay.c","53","* @param map 参数说明"
"占位注释","Code\02_Module\Src\mod_relay.c","54","* @param map_num 参数说明"
"占位注释","Code\02_Module\Src\mod_relay.c","55","* @return 返回值说明"
"乱码注释/文本","Code\02_Module\Src\mod_relay.c","60","// 1. 鍩虹鍙傛暟鏍￠獙銆?"
"乱码注释/文本","Code\02_Module\Src\mod_relay.c","66","// 2. 閫愰」鏍￠獙鏄犲皠鍐呭銆?"
"局部变量缺少//注释","Code\02_Module\Src\mod_relay.c","67","for (uint8_t i = 0U; i < RELAY_MAX; i++)"
"乱码注释/文本","Code\02_Module\Src\mod_relay.c","75","// 3. 淇濆瓨鏄犲皠骞舵爣璁扮粦瀹氭垚鍔熴€?"
"占位注释","Code\02_Module\Src\mod_relay.c","83","* @brief  函数说明：mod_relay_unbind_map"
"占位注释","Code\02_Module\Src\mod_relay.c","85","* @return 返回值说明"
"占位注释","Code\02_Module\Src\mod_relay.c","94","* @brief  函数说明：mod_relay_is_bound"
"占位注释","Code\02_Module\Src\mod_relay.c","96","* @return 返回值说明"
"占位注释","Code\02_Module\Src\mod_relay.c","105","* @brief  函数说明：mod_relay_init"
"占位注释","Code\02_Module\Src\mod_relay.c","107","* @return 返回值说明"
"乱码注释/文本","Code\02_Module\Src\mod_relay.c","112","// 1. 鏈粦瀹氭椂鐩存帴杩斿洖銆?"
"乱码注释/文本","Code\02_Module\Src\mod_relay.c","118","// 2. 鍒濆鍖栨椂鍏抽棴鎵€鏈夌户鐢靛櫒锛屼繚璇佷笂鐢靛畨鍏ㄣ€?"
"局部变量缺少//注释","Code\02_Module\Src\mod_relay.c","119","for (uint8_t i = 0U; i < RELAY_MAX; i++)"
"占位注释","Code\02_Module\Src\mod_relay.c","126","* @brief  函数说明：mod_relay_on"
"占位注释","Code\02_Module\Src\mod_relay.c","127","* @param relay 参数说明"
"占位注释","Code\02_Module\Src\mod_relay.c","128","* @return 返回值说明"
"乱码注释/文本","Code\02_Module\Src\mod_relay.c","135","// 1. 鍙傛暟鍜岀粦瀹氱姸鎬佹鏌ャ€?"
"乱码注释/文本","Code\02_Module\Src\mod_relay.c","141","// 2. 鍙栧嚭鏄犲皠閰嶇疆銆?"
"乱码注释/文本","Code\02_Module\Src\mod_relay.c","144","// 3. 杈撳嚭鏈夋晥鐢靛钩锛屼娇缁х數鍣ㄥ惛鍚堛€?"
"占位注释","Code\02_Module\Src\mod_relay.c","149","* @brief  函数说明：mod_relay_off"
"占位注释","Code\02_Module\Src\mod_relay.c","150","* @param relay 参数说明"
"占位注释","Code\02_Module\Src\mod_relay.c","151","* @return 返回值说明"
"乱码注释/文本","Code\02_Module\Src\mod_relay.c","158","// 1. 鍙傛暟鍜岀粦瀹氱姸鎬佹鏌ャ€?"
"乱码注释/文本","Code\02_Module\Src\mod_relay.c","164","// 2. 鍙栧嚭鏄犲皠閰嶇疆銆?"
"乱码注释/文本","Code\02_Module\Src\mod_relay.c","167","// 3. 杈撳嚭鍙嶇浉鐢靛钩锛屼娇缁х數鍣ㄦ柇寮€銆?"
"占位注释","Code\02_Module\Src\mod_relay.c","172","* @brief  函数说明：mod_relay_toggle"
"占位注释","Code\02_Module\Src\mod_relay.c","173","* @param relay 参数说明"
"占位注释","Code\02_Module\Src\mod_relay.c","174","* @return 返回值说明"
"乱码注释/文本","Code\02_Module\Src\mod_relay.c","181","// 1. 鍙傛暟鍜岀粦瀹氱姸鎬佹鏌ャ€?"
"乱码注释/文本","Code\02_Module\Src\mod_relay.c","187","// 2. 鍙栧嚭鏄犲皠閰嶇疆銆?"
"乱码注释/文本","Code\02_Module\Src\mod_relay.c","190","// 3. 缈昏浆褰撳墠鐢靛钩銆?"
"占位注释","Code\02_Module\Src\mod_sensor.c","3","* @brief   代码文件功能说明"
"乱码注释/文本","Code\02_Module\Src\mod_sensor.c","12","/* 鏈€杩戜竴娆¤绠楀緱鍒扮殑褰掍竴鍖栨潈閲嶅€?*/"
"乱码注释/文本","Code\02_Module\Src\mod_sensor.c","14","/* 鏈€杩戜竴娆￠噰鏍峰緱鍒扮殑 12 璺姸鎬侊紙榛戠嚎=1锛?*/"
"乱码注释/文本","Code\02_Module\Src\mod_sensor.c","21","/* 妫€鏌ュ崟璺槧灏勯」鏄惁鍚堟硶 */"
"乱码注释/文本","Code\02_Module\Src\mod_sensor.c","39","/* 鎵ц涓€娆?12 璺噰鏍凤紝骞跺彲閫夎緭鍑虹姸鎬佷笌鏉冮噸鍜?*/"
"乱码注释/文本","Code\02_Module\Src\mod_sensor.c","55","sampled_states[i] = 1U; /* 妫€娴嬪埌榛戠嚎 */"
"占位注释","Code\02_Module\Src\mod_sensor.c","73","* @brief  函数说明：mod_sensor_bind_map"
"占位注释","Code\02_Module\Src\mod_sensor.c","74","* @param map 参数说明"
"占位注释","Code\02_Module\Src\mod_sensor.c","75","* @param map_num 参数说明"
"占位注释","Code\02_Module\Src\mod_sensor.c","76","* @return 返回值说明"
"占位注释","Code\02_Module\Src\mod_sensor.c","102","* @brief  函数说明：mod_sensor_unbind_map"
"占位注释","Code\02_Module\Src\mod_sensor.c","104","* @return 返回值说明"
"占位注释","Code\02_Module\Src\mod_sensor.c","113","* @brief  函数说明：mod_sensor_is_bound"
"占位注释","Code\02_Module\Src\mod_sensor.c","115","* @return 返回值说明"
"占位注释","Code\02_Module\Src\mod_sensor.c","124","* @brief  函数说明：mod_sensor_init"
"占位注释","Code\02_Module\Src\mod_sensor.c","126","* @return 返回值说明"
"占位注释","Code\02_Module\Src\mod_sensor.c","136","* @brief  函数说明：mod_sensor_get_states"
"占位注释","Code\02_Module\Src\mod_sensor.c","137","* @param states 参数说明"
"占位注释","Code\02_Module\Src\mod_sensor.c","138","* @param states_num 参数说明"
"占位注释","Code\02_Module\Src\mod_sensor.c","139","* @return 返回值说明"
"占位注释","Code\02_Module\Src\mod_sensor.c","154","* @brief  函数说明：mod_sensor_get_weight"
"占位注释","Code\02_Module\Src\mod_sensor.c","156","* @return 返回值说明"
"占位注释","Code\02_Module\Src\mod_stepper.c","3","* @brief   代码文件功能说明"
"乱码注释/文本","Code\02_Module\Src\mod_stepper.c","14","* @brief 姝ヨ繘鍗忚妯″潡瀹炵幇锛堜粎鍙戦€侊紝TX Only锛夈€?"
"乱码注释/文本","Code\02_Module\Src\mod_stepper.c","17","* 鏈疄鐜扮殑鍏抽敭绛栫暐锛?"
"乱码注释/文本","Code\02_Module\Src\mod_stepper.c","18","* 1. 涓€涓笂涓嬫枃鍙粦瀹氫竴涓?UART 涓庝竴涓┍鍔ㄥ湴鍧€銆?"
"乱码注释/文本","Code\02_Module\Src\mod_stepper.c","19","* 2. 缁戝畾闃舵閫氳繃 mod_uart_guard 鐢宠/閲婃斁涓插彛褰掑睘鏉冦€?"
"乱码注释/文本","Code\02_Module\Src\mod_stepper.c","20","* 3. 涓嶆敞鍐?RX 鍥炶皟锛屼笉鍚姩 RX DMA锛屼笉瑙ｆ瀽杩斿洖甯с€?"
"乱码注释/文本","Code\02_Module\Src\mod_stepper.c","21","* 4. 鍙戦€佸畬鎴愮姸鎬侀€氳繃杞 UART 绌洪棽鐘舵€佸垽瀹氾紙mod_stepper_process锛夈€?"
"乱码注释/文本","Code\02_Module\Src\mod_stepper.c","25","* @brief UART绱㈠紩鍒颁笂涓嬫枃鐨勬槧灏勮〃銆?"
"乱码注释/文本","Code\02_Module\Src\mod_stepper.c","27","* 鐢ㄩ€旓細"
"乱码注释/文本","Code\02_Module\Src\mod_stepper.c","28","* 1. 缁戝畾鍐茬獊妫€鏌ワ紙鍚屼竴涓猆ART鍙厑璁镐竴涓笂涓嬫枃鍗犵敤锛夈€?"
"乱码注释/文本","Code\02_Module\Src\mod_stepper.c","29","* 2. 鏀寔 mod_stepper_process(NULL) 鏃惰疆璇㈠叏閮ㄥ疄渚嬨€?"
"乱码注释/文本","Code\02_Module\Src\mod_stepper.c","34","* @brief 灏?UART 瀹炰緥鍦板潃鏄犲皠涓哄浐瀹氱储寮曘€?"
"乱码注释/文本","Code\02_Module\Src\mod_stepper.c","35","* @param instance UART澶栬瀹炰緥銆?"
"乱码注释/文本","Code\02_Module\Src\mod_stepper.c","36","* @return [0..5] 鏄犲皠鎴愬姛锛?1 琛ㄧず涓嶆敮鎸佽瀹炰緥銆?"
"乱码注释/文本","Code\02_Module\Src\mod_stepper.c","57","* @brief 鏌ヨ鏌愪釜涓婁笅鏂囧綋鍓嶇粦瀹氬湪鍝釜 UART 绱㈠紩銆?"
"乱码注释/文本","Code\02_Module\Src\mod_stepper.c","58","* @param ctx 鐩爣涓婁笅鏂囥€?"
"乱码注释/文本","Code\02_Module\Src\mod_stepper.c","59","* @return [0..5] 鎵惧埌锛?1 鏈壘鍒版垨鍙傛暟闈炴硶銆?"
"局部变量缺少//注释","Code\02_Module\Src\mod_stepper.c","68","for (uint16_t i = 0U; i < MOD_STEPPER_MAX_UART_INSTANCES; i++)"
"乱码注释/文本","Code\02_Module\Src\mod_stepper.c","80","* @brief 鍒ゆ柇涓婁笅鏂囨槸鍚﹁揪鍒扳€滃彲鍙戦€佲€濈姸鎬併€?"
"乱码注释/文本","Code\02_Module\Src\mod_stepper.c","82","* 蹇呴』鍚屾椂婊¤冻锛?"
"乱码注释/文本","Code\02_Module\Src\mod_stepper.c","99","* @brief 鑾峰彇鍙戦€佷簰鏂ラ攣锛堣嫢閰嶇疆浜嗕簰鏂ラ攣锛夈€?"
"乱码注释/文本","Code\02_Module\Src\mod_stepper.c","100","* @param ctx 涓婁笅鏂囥€?"
"乱码注释/文本","Code\02_Module\Src\mod_stepper.c","101","* @return true 鑾峰彇鎴愬姛鎴栨棤闇€鍔犻攣锛沠alse 鑾峰彇澶辫触銆?"
"乱码注释/文本","Code\02_Module\Src\mod_stepper.c","114","* @brief 閲婃斁鍙戦€佷簰鏂ラ攣锛堣嫢閰嶇疆浜嗕簰鏂ラ攣锛夈€?"
"乱码注释/文本","Code\02_Module\Src\mod_stepper.c","125","* @brief 鍒锋柊 tx_active 鐘舵€侊紙杞寮忓彂閫佸畬鎴愬垽瀹氾級銆?"
"乱码注释/文本","Code\02_Module\Src\mod_stepper.c","127","* 鍒ゅ畾閫昏緫锛?"
"乱码注释/文本","Code\02_Module\Src\mod_stepper.c","128","* 1. 鑻?tx_active=false锛岀洿鎺ヨ繑鍥炪€?"
"乱码注释/文本","Code\02_Module\Src\mod_stepper.c","129","* 2. 鑻?UART 宸茬┖闂诧紝璁や负鏈鍙戦€佸畬鎴愶紝娓呯悊 active 骞跺鍔犳垚鍔熻鏁般€?"
"乱码注释/文本","Code\02_Module\Src\mod_stepper.c","130","* 3. 鑻ヨ秴鏃朵粛鏈┖闂诧紝瑙﹀彂瓒呮椂鎭㈠锛屾竻鐞?active 骞跺鍔犲け璐ヨ鏁般€?"
"乱码注释/文本","Code\02_Module\Src\mod_stepper.c","132","* 璇存槑锛?"
"乱码注释/文本","Code\02_Module\Src\mod_stepper.c","133","* - 鏈ā鍧楁湁鎰忎笉浣跨敤 HAL_UART_TxCpltCallback锛岄檷浣庡叏灞€鍥炶皟鑰﹀悎銆?"
"乱码注释/文本","Code\02_Module\Src\mod_stepper.c","134","* - 鍥犳闇€瑕佸湪 process() 涓疆璇㈢‖浠剁姸鎬佸畬鎴愮姸鎬佹帹杩涖€?"
"乱码注释/文本","Code\02_Module\Src\mod_stepper.c","170","* @brief 鍐呴儴缁熶竴鍙戦€佸叆鍙ｏ紙鎵€鏈夊崗璁懡浠ゆ渶缁堥兘璧拌繖閲岋級銆?"
"乱码注释/文本","Code\02_Module\Src\mod_stepper.c","172","* 鎵ц姝ラ锛?"
"乱码注释/文本","Code\02_Module\Src\mod_stepper.c","173","* 1. 鍙傛暟涓庝笂涓嬫枃灏辩华鎬ф鏌ャ€?"
"乱码注释/文本","Code\02_Module\Src\mod_stepper.c","174","* 2. 鍒锋柊鍙戦€佺姸鎬侊紝閬垮厤鈥滀笂涓€娆″彂閫佷粛娲昏穬鈥濊鍙戙€?"
"乱码注释/文本","Code\02_Module\Src\mod_stepper.c","175","* 3. 妫€鏌?UART 鏄惁绌洪棽銆?"
"乱码注释/文本","Code\02_Module\Src\mod_stepper.c","176","* 4. 鑾峰彇鍙€変簰鏂ラ攣銆?"
"乱码注释/文本","Code\02_Module\Src\mod_stepper.c","177","* 5. 鎷疯礉鍒?tx_buf锛屽惎鍔?DMA 鍙戦€併€?"
"乱码注释/文本","Code\02_Module\Src\mod_stepper.c","178","* 6. 鍙戦€佹垚鍔熷垯缃?active锛涘け璐ョ疮璁″け璐ヨ鏁般€?"
"乱码注释/文本","Code\02_Module\Src\mod_stepper.c","179","* 7. 閲婃斁浜掓枼閿併€?"
"乱码注释/文本","Code\02_Module\Src\mod_stepper.c","181","* 杩斿洖璇箟锛?"
"乱码注释/文本","Code\02_Module\Src\mod_stepper.c","182","* - true锛氭湰娆?DMA 宸叉垚鍔熷惎鍔ㄣ€?"
"乱码注释/文本","Code\02_Module\Src\mod_stepper.c","183","* - false锛氭湭鍙戦€侊紙蹇欍€佸弬鏁伴敊銆佸姞閿佸け璐ャ€丏MA鍚姩澶辫触绛夛級銆?"
"占位注释","Code\02_Module\Src\mod_stepper.c","227","* @brief  函数说明：mod_stepper_ctx_init"
"占位注释","Code\02_Module\Src\mod_stepper.c","228","* @param ctx 参数说明"
"占位注释","Code\02_Module\Src\mod_stepper.c","229","* @param bind 参数说明"
"占位注释","Code\02_Module\Src\mod_stepper.c","230","* @return 返回值说明"
"乱码注释/文本","Code\02_Module\Src\mod_stepper.c","241","* 鑻ヨ皟鐢ㄨ€呭鐢ㄦ棫涓婁笅鏂囧璞★紝鍏堣В缁戯紝閬垮厤UART褰掑睘鏉冩硠婕忋€?"
"占位注释","Code\02_Module\Src\mod_stepper.c","260","* @brief  函数说明：mod_stepper_init"
"占位注释","Code\02_Module\Src\mod_stepper.c","261","* @param ctx 参数说明"
"占位注释","Code\02_Module\Src\mod_stepper.c","262","* @param bind 参数说明"
"占位注释","Code\02_Module\Src\mod_stepper.c","263","* @return 返回值说明"
"占位注释","Code\02_Module\Src\mod_stepper.c","272","* @brief  函数说明：mod_stepper_bind"
"占位注释","Code\02_Module\Src\mod_stepper.c","273","* @param ctx 参数说明"
"占位注释","Code\02_Module\Src\mod_stepper.c","274","* @param bind 参数说明"
"占位注释","Code\02_Module\Src\mod_stepper.c","275","* @return 返回值说明"
"乱码注释/文本","Code\02_Module\Src\mod_stepper.c","285","* 1. 鍏ュ弬鏍￠獙锛?"
"乱码注释/文本","Code\02_Module\Src\mod_stepper.c","297","* - 鍚屼竴 UART 鍙厑璁镐竴涓笂涓嬫枃缁戝畾锛堢鍚堚€滀竴涓覆鍙ｅ彧缁戜竴涓數鏈衡€濈害鏉燂級"
"乱码注释/文本","Code\02_Module\Src\mod_stepper.c","311","* 3. 鐢宠 UART 鎵€鏈夋潈"
"乱码注释/文本","Code\02_Module\Src\mod_stepper.c","320","* 4. 娓呯悊鏃ф槧灏?鏃у綊灞烇紙鑻ュ瓨鍦ㄦ棫缁戝畾锛?"
"乱码注释/文本","Code\02_Module\Src\mod_stepper.c","334","* 5. 鍐欏叆鏂扮粦瀹氬苟澶嶄綅鍙戦€佺姸鎬?"
"乱码注释/文本","Code\02_Module\Src\mod_stepper.c","346","* 璇存槑锛?"
"乱码注释/文本","Code\02_Module\Src\mod_stepper.c","347","* claimed 浠呯敤浜庤〃杈锯€滃凡鎴愬姛鐢宠杩噂uard鈥濊繖涓€浜嬪疄锛?"
"乱码注释/文本","Code\02_Module\Src\mod_stepper.c","348","* 褰撳墠鍒嗘敮鏃犲け璐ュ洖婊氳矾寰勶紝鏁呬粎淇濇寔鍙橀噺鍗犱綅浠ヤ究鍚庣画鎵╁睍銆?"
"占位注释","Code\02_Module\Src\mod_stepper.c","355","* @brief  函数说明：mod_stepper_unbind"
"占位注释","Code\02_Module\Src\mod_stepper.c","356","* @param ctx 参数说明"
"占位注释","Code\02_Module\Src\mod_stepper.c","357","* @return 返回值说明"
"乱码注释/文本","Code\02_Module\Src\mod_stepper.c","379","* 2. 閲婃斁 UART 鎵€鏈夋潈"
"乱码注释/文本","Code\02_Module\Src\mod_stepper.c","387","* 3. 娓呯悊缁戝畾鐘舵€?"
"占位注释","Code\02_Module\Src\mod_stepper.c","396","* @brief  函数说明：mod_stepper_is_bound"
"占位注释","Code\02_Module\Src\mod_stepper.c","397","* @param ctx 参数说明"
"占位注释","Code\02_Module\Src\mod_stepper.c","398","* @return 返回值说明"
"占位注释","Code\02_Module\Src\mod_stepper.c","416","* @brief  函数说明：mod_stepper_process"
"占位注释","Code\02_Module\Src\mod_stepper.c","417","* @param ctx 参数说明"
"占位注释","Code\02_Module\Src\mod_stepper.c","418","* @return 返回值说明"
"乱码注释/文本","Code\02_Module\Src\mod_stepper.c","424","* 妯″紡A锛氬鐞嗗崟涓疄渚?"
"乱码注释/文本","Code\02_Module\Src\mod_stepper.c","433","* 妯″紡B锛氬鐞嗗叏閮ㄥ疄渚?"
"局部变量缺少//注释","Code\02_Module\Src\mod_stepper.c","435","for (uint16_t i = 0U; i < MOD_STEPPER_MAX_UART_INSTANCES; i++)"
"占位注释","Code\02_Module\Src\mod_stepper.c","442","* @brief  函数说明：mod_stepper_send_raw"
"占位注释","Code\02_Module\Src\mod_stepper.c","443","* @param ctx 参数说明"
"占位注释","Code\02_Module\Src\mod_stepper.c","444","* @param buf 参数说明"
"占位注释","Code\02_Module\Src\mod_stepper.c","445","* @param len 参数说明"
"占位注释","Code\02_Module\Src\mod_stepper.c","446","* @return 返回值说明"
"占位注释","Code\02_Module\Src\mod_stepper.c","455","* @brief  函数说明：mod_stepper_enable"
"占位注释","Code\02_Module\Src\mod_stepper.c","456","* @param ctx 参数说明"
"占位注释","Code\02_Module\Src\mod_stepper.c","457","* @param enable 参数说明"
"占位注释","Code\02_Module\Src\mod_stepper.c","458","* @param sync_flag 参数说明"
"占位注释","Code\02_Module\Src\mod_stepper.c","459","* @return 返回值说明"
"占位注释","Code\02_Module\Src\mod_stepper.c","481","* @brief  函数说明：mod_stepper_velocity"
"占位注释","Code\02_Module\Src\mod_stepper.c","482","* @param ctx 参数说明"
"占位注释","Code\02_Module\Src\mod_stepper.c","483","* @param dir 参数说明"
"占位注释","Code\02_Module\Src\mod_stepper.c","484","* @param vel_rpm 参数说明"
"占位注释","Code\02_Module\Src\mod_stepper.c","485","* @param acc 参数说明"
"占位注释","Code\02_Module\Src\mod_stepper.c","486","* @param sync_flag 参数说明"
"占位注释","Code\02_Module\Src\mod_stepper.c","487","* @return 返回值说明"
"占位注释","Code\02_Module\Src\mod_stepper.c","519","* @brief  函数说明：mod_stepper_position"
"占位注释","Code\02_Module\Src\mod_stepper.c","520","* @param ctx 参数说明"
"占位注释","Code\02_Module\Src\mod_stepper.c","521","* @param dir 参数说明"
"占位注释","Code\02_Module\Src\mod_stepper.c","522","* @param vel_rpm 参数说明"
"占位注释","Code\02_Module\Src\mod_stepper.c","523","* @param acc 参数说明"
"占位注释","Code\02_Module\Src\mod_stepper.c","524","* @param pulse 参数说明"
"占位注释","Code\02_Module\Src\mod_stepper.c","525","* @param absolute_mode 参数说明"
"占位注释","Code\02_Module\Src\mod_stepper.c","526","* @param sync_flag 参数说明"
"占位注释","Code\02_Module\Src\mod_stepper.c","527","* @return 返回值说明"
"占位注释","Code\02_Module\Src\mod_stepper.c","564","* @brief  函数说明：mod_stepper_stop"
"占位注释","Code\02_Module\Src\mod_stepper.c","565","* @param ctx 参数说明"
"占位注释","Code\02_Module\Src\mod_stepper.c","566","* @param sync_flag 参数说明"
"占位注释","Code\02_Module\Src\mod_stepper.c","567","* @return 返回值说明"
"局部变量缺少//注释","Code\02_Module\Src\mod_vofa.c","85","for (uint8_t i = 0U; (i < bind->sem_count) && (i < MOD_VOFA_MAX_BIND_SEM); i++)"
"局部变量缺少//注释","Code\02_Module\Src\mod_vofa.c","104","for (uint8_t i = 0U; i < ctx->bind.sem_count; i++)"
"局部变量缺少//注释","Code\02_Module\Src\mod_vofa.c","255","for (uint8_t i = 0U; i < (uint8_t)CMD_TABLE_SIZE; i++)"
"局部变量缺少//注释","Code\02_Module\Src\mod_vofa.c","460","for (uint8_t i = 0U; i < ctx->bind.sem_count; i++)"
"局部变量缺少//注释","Code\02_Module\Src\mod_vofa.c","502","for (uint8_t i = 0U; i < ctx->bind.sem_count; i++)"
"局部变量缺少//注释","Code\02_Module\Src\mod_vofa.c","506","for (uint8_t j = i; (j + 1U) < ctx->bind.sem_count; j++)"
"局部变量缺少//注释","Code\02_Module\Src\mod_vofa.c","679","for (uint16_t i = 0U; (i < n) && result; i++)"
"局部变量缺少//注释","Code\02_Module\Src\mod_vofa.c","749","for (uint16_t i = 0U; (i < n) && result; i++)"
"局部变量缺少//注释","Code\02_Module\Src\mod_vofa.c","819","for (uint16_t i = 0U; (i < n) && result; i++)"
"占位注释","Code\03_Common\Inc\common_checksum.h","3","* @brief   代码文件功能说明"
"乱码注释/文本","Code\03_Common\Inc\common_checksum.h","11","* @brief   閫氱敤鏍￠獙宸ュ叿鎺ュ彛瀹氫箟"
"乱码注释/文本","Code\03_Common\Inc\common_checksum.h","19","* @brief 璁＄畻瀛楄妭缂撳啿鍖?XOR 鏍￠獙鍊笺€? * @details"
"乱码注释/文本","Code\03_Common\Inc\common_checksum.h","20","* 甯哥敤浜庝覆鍙ｅ崗璁腑鐨?BCC/XOR 鏍￠獙瀛楁璁＄畻銆? *"
"乱码注释/文本","Code\03_Common\Inc\common_checksum.h","21","* @param data 杈撳叆鏁版嵁棣栧湴鍧€銆? * @param len 杈撳叆鏁版嵁闀垮害锛堝瓧鑺傦級銆? * @return uint8_t 璁＄畻寰楀埌鐨?XOR 鏍￠獙缁撴灉銆? */"
"占位注释","Code\03_Common\Inc\common_str.h","3","* @brief   代码文件功能说明"
"乱码注释/文本","Code\03_Common\Inc\common_str.h","11","* @brief   閫氱敤鏁板€艰浆瀛楃涓叉帴鍙ｅ畾涔? * @details"
"乱码注释/文本","Code\03_Common\Inc\common_str.h","12","* 鎻愪緵鏃犵鍙锋暣鏁般€佹湁绗﹀彿鏁存暟鍜屾诞鐐规暟鍒?C 瀛楃涓茬殑瀹夊叏杞崲鎺ュ彛銆? ******************************************************************************"
"乱码注释/文本","Code\03_Common\Inc\common_str.h","20","/** 娴偣瀛楃涓茶浆鎹㈢殑灏忔暟浣嶆暟 */"
"乱码注释/文本","Code\03_Common\Inc\common_str.h","24","* @brief 灏嗘棤绗﹀彿 32 浣嶆暣鏁拌浆鎹负瀛楃涓层€? * @param val 寰呰浆鎹㈡暟鍊笺€? * @param p_out 杈撳嚭缂撳啿鍖洪鍦板潃銆? * @param size 杈撳嚭缂撳啿鍖烘€诲ぇ灏忥紙瀛楄妭锛夈€? * @return true 杞崲鎴愬姛銆? * @return false 鍙傛暟鏃犳晥鎴栫紦鍐插尯涓嶈冻銆? */"
"乱码注释/文本","Code\03_Common\Inc\common_str.h","28","* @brief 灏嗘湁绗﹀彿 32 浣嶆暣鏁拌浆鎹负瀛楃涓层€? * @param val 寰呰浆鎹㈡暟鍊笺€? * @param p_out 杈撳嚭缂撳啿鍖洪鍦板潃銆? * @param size 杈撳嚭缂撳啿鍖烘€诲ぇ灏忥紙瀛楄妭锛夈€? * @return true 杞崲鎴愬姛銆? * @return false 鍙傛暟鏃犳晥鎴栫紦鍐插尯涓嶈冻銆? */"
"乱码注释/文本","Code\03_Common\Inc\common_str.h","32","* @brief 灏嗘诞鐐规暟杞崲涓哄瓧绗︿覆銆? * @details"
"乱码注释/文本","Code\03_Common\Inc\common_str.h","33","* 杞崲绮惧害鐢?`COMMON_STR_FLOAT_PRECISION` 鎺у埗銆? *"
"乱码注释/文本","Code\03_Common\Inc\common_str.h","34","* @param val 寰呰浆鎹㈡诞鐐瑰€笺€? * @param p_out 杈撳嚭缂撳啿鍖洪鍦板潃銆? * @param size 杈撳嚭缂撳啿鍖烘€诲ぇ灏忥紙瀛楄妭锛夈€? * @return true 杞崲鎴愬姛銆? * @return false 鍙傛暟鏃犳晥鎴栫紦鍐插尯涓嶈冻銆? */"
"占位注释","Code\03_Common\PID\pid_config.h","3","* @brief   代码文件功能说明"
"局部变量缺少//注释","Code\03_Common\Src\common_str.c","188","for (uint8_t k = 0U; k < (COMMON_STR_FLOAT_PRECISION - 1U - i); k++)"
"占位注释","Code\04_Driver\Src\drv_encoder.c","3","* @brief   代码文件功能说明"
"乱码注释/文本","Code\04_Driver\Src\drv_encoder.c","11","* @brief 鏍￠獙缂栫爜鍣ㄨ鏁板櫒浣嶅鍙傛暟鏄惁鍚堟硶銆? * @param counter_bits 璁℃暟鍣ㄤ綅瀹介厤缃€笺€? * @return true 鍙傛暟涓?16 浣嶆垨 32 浣嶃€? * @return false 鍙傛暟闈炴硶銆? */"
"乱码注释/文本","Code\04_Driver\Src\drv_encoder.c","14","/* 鍙橀噺璇存槑锛?     * result: 鍙傛暟鍚堟硶鎬ф牎楠岀粨鏋溿€?     */"
"乱码注释/文本","Code\04_Driver\Src\drv_encoder.c","17","/* 浠呭厑璁?16 浣嶆垨 32 浣嶇紪鐮佸櫒璁℃暟鍣ㄣ€?*/"
"乱码注释/文本","Code\04_Driver\Src\drv_encoder.c","27","* @brief 鍒濆鍖栫紪鐮佸櫒璁惧瀵硅薄銆? * @details"
"乱码注释/文本","Code\04_Driver\Src\drv_encoder.c","28","* 璇ュ嚱鏁扮敤浜庡畬鎴愯蒋浠跺璞′笌纭欢瀹氭椂鍣ㄤ箣闂寸殑缁戝畾锛? * 骞惰缃鏁颁綅瀹姐€佹柟鍚戝洜瀛愬強鍒濆鐘舵€併€? *"
"乱码注释/文本","Code\04_Driver\Src\drv_encoder.c","29","* @param dev 缂栫爜鍣ㄨ澶囧璞℃寚閽堛€? * @param htim 缂栫爜鍣ㄦā寮忓畾鏃跺櫒鍙ユ焺銆? * @param counter_bits 璁℃暟鍣ㄤ綅瀹斤紙16/32 浣嶏級銆? * @param invert 鏂瑰悜鍙嶈浆鏍囧織锛坱rue 琛ㄧず鏂瑰悜鍙栧弽锛夈€? * @return true 鍒濆鍖栨垚鍔熴€? * @return false 鍙傛暟闈炴硶鎴栨牎楠屽け璐ャ€? */"
"乱码注释/文本","Code\04_Driver\Src\drv_encoder.c","35","/* 鍙橀噺璇存槑锛?     * result: 鍒濆鍖栨墽琛岀粨鏋溿€?     */"
"乱码注释/文本","Code\04_Driver\Src\drv_encoder.c","38","/* 鍏堝畬鎴愭寚閽堝拰浣嶅鍙傛暟鏍￠獙銆?*/"
"乱码注释/文本","Code\04_Driver\Src\drv_encoder.c","41","/* 缁戝畾纭欢鍙ユ焺骞跺啓鍏ヨ澶囬潤鎬侀厤缃€?*/"
"乱码注释/文本","Code\04_Driver\Src\drv_encoder.c","54","* @brief 鍚姩缂栫爜鍣ㄨ鏁般€? * @details"
"乱码注释/文本","Code\04_Driver\Src\drv_encoder.c","55","* 鍚姩鎴愬姛鍚庝細灏嗚鏁板櫒娓呴浂锛岀‘淇濆悗缁鍙栧閲忔椂鍩哄噯涓€鑷淬€? *"
"乱码注释/文本","Code\04_Driver\Src\drv_encoder.c","56","* @param dev 缂栫爜鍣ㄨ澶囧璞℃寚閽堛€? * @return true 鍚姩鎴愬姛銆? * @return false 鍚姩澶辫触鎴栧弬鏁版棤鏁堛€? */"
"乱码注释/文本","Code\04_Driver\Src\drv_encoder.c","59","/* 鍙橀噺璇存槑锛?     * result: 鍚姩娴佺▼缁撴灉銆?     */"
"乱码注释/文本","Code\04_Driver\Src\drv_encoder.c","62","/* 鍙傛暟妫€鏌ャ€?*/"
"乱码注释/文本","Code\04_Driver\Src\drv_encoder.c","65","/* 鍚姩 TIM 缂栫爜鍣ㄦā寮忋€?*/"
"乱码注释/文本","Code\04_Driver\Src\drv_encoder.c","68","/* 鍚姩鍚庣珛鍗虫竻闆惰鏁板櫒锛岄伩鍏嶅巻鍙叉畫鐣欏€煎奖鍝嶆湰娆＄粺璁°€?*/"
"乱码注释/文本","Code\04_Driver\Src\drv_encoder.c","75","/* HAL 鍚姩澶辫触鏃跺悓姝ュ埛鏂拌蒋浠剁姸鎬併€?*/"
"乱码注释/文本","Code\04_Driver\Src\drv_encoder.c","84","* @brief 鍋滄缂栫爜鍣ㄨ鏁般€? * @param dev 缂栫爜鍣ㄨ澶囧璞℃寚閽堛€? */"
"乱码注释/文本","Code\04_Driver\Src\drv_encoder.c","87","/* 鍙傛暟妫€鏌ュ悗鍋滄纭欢璁℃暟锛屽苟娓呴櫎杞欢鍚姩鏍囧織銆?*/"
"乱码注释/文本","Code\04_Driver\Src\drv_encoder.c","96","* @brief 澶嶄綅缂栫爜鍣ㄨ鏁板瘎瀛樺櫒涓?0銆? * @param dev 缂栫爜鍣ㄨ澶囧璞℃寚閽堛€? */"
"乱码注释/文本","Code\04_Driver\Src\drv_encoder.c","99","/* 鍙浣嶈鏁板櫒锛屼笉淇敼鍏朵粬杩愯鍙傛暟銆?*/"
"乱码注释/文本","Code\04_Driver\Src\drv_encoder.c","107","* @brief 鑾峰彇缂栫爜鍣ㄨ嚜涓婃璇诲彇鍚庣殑澧為噺鍊笺€? * @details"
"乱码注释/文本","Code\04_Driver\Src\drv_encoder.c","108","* 璇ュ嚱鏁拌鍙栧綋鍓嶈鏁板櫒锛屾寜浣嶅杞崲涓烘湁绗﹀彿鍊硷紝"
"乱码注释/文本","Code\04_Driver\Src\drv_encoder.c","109","* 璇诲彇鍚庝細娓呴浂璁℃暟鍣紝渚夸簬涓嬫鑾峰彇鏂扮殑澧為噺銆? *"
"乱码注释/文本","Code\04_Driver\Src\drv_encoder.c","110","* @param dev 缂栫爜鍣ㄨ澶囧璞℃寚閽堛€? * @return int32_t 甯︾鍙风殑鑴夊啿澧為噺鍊笺€? */"
"乱码注释/文本","Code\04_Driver\Src\drv_encoder.c","113","/* 鍙橀噺璇存槑锛?     * delta_raw: 浠庣‖浠惰鏁板櫒璇诲彇鍒扮殑鍘熷澧為噺鍊笺€?     * delta_signed: 鍙犲姞鏂瑰悜鍥犲瓙鍚庣殑鏈€缁堝閲忓€笺€?     * result: 鍑芥暟杩斿洖鍊硷紝榛樿 0銆?     */"
"乱码注释/文本","Code\04_Driver\Src\drv_encoder.c","118","/* 鍙傛暟鏍￠獙銆?*/"
"乱码注释/文本","Code\04_Driver\Src\drv_encoder.c","121","/* 16 浣嶈鏁板櫒闇€鍏堟寜 int16_t 瑙ｉ噴锛屽啀鎵╁睍鍒?int32_t銆?*/"
"乱码注释/文本","Code\04_Driver\Src\drv_encoder.c","126","/* 32 浣嶈鏁板櫒鍙洿鎺ヨ鍙栥€?*/"
"乱码注释/文本","Code\04_Driver\Src\drv_encoder.c","130","/* 璇诲彇鍚庢竻闆讹紝涓嬩竴娆¤皟鐢ㄥ緱鍒扮殑鏄柊鐨勫閲忕獥鍙ｃ€?*/"
"乱码注释/文本","Code\04_Driver\Src\drv_encoder.c","133","/* 搴旂敤鏂瑰悜鍥犲瓙锛氭鍚戜负 1锛屽弽鍚戜负 -1銆?*/"
"占位注释","Code\04_Driver\Src\drv_key.c","3","* @brief   代码文件功能说明"
"局部变量缺少//注释","Code\04_Driver\Src\drv_key.c","457","for (uint8_t i = 0U; i < s_drv_key_cfg.key_num; i++)"
"占位注释","Code\04_Driver\Src\drv_key.c","474","* @brief  函数说明：drv_key_scan"
"占位注释","Code\04_Driver\Src\drv_key.c","475","* @param out_event 参数说明"
"占位注释","Code\04_Driver\Src\drv_key.c","476","* @return 返回值说明"
"局部变量缺少//注释","Code\04_Driver\Src\drv_key.c","498","for (uint8_t i = 0U; i < s_drv_key_cfg.key_num; i++)"
"占位注释","Code\04_Driver\Src\drv_uart.c","3","* @brief   代码文件功能说明"
"乱码注释/文本","Code\04_Driver\Src\drv_uart.c","13","static drv_uart_rx_callback_t s_rx_callbacks[6] = {NULL}; // 涓插彛鎺ユ敹鍥炶皟鐧昏琛?"
"占位注释","Code\04_Driver\Src\drv_uart.c","16","* @brief  函数说明：drv_uart_init"
"占位注释","Code\04_Driver\Src\drv_uart.c","18","* @return 返回值说明"
"乱码注释/文本","Code\04_Driver\Src\drv_uart.c","26","// 绉佹湁宸ュ叿锛氬皢纭欢瀹炰緥鍦板潃鏄犲皠涓烘暟缁勭储寮?"
"占位注释","Code\04_Driver\Src\drv_uart.c","28","* @brief  函数说明：_get_uart_index"
"占位注释","Code\04_Driver\Src\drv_uart.c","29","* @param instance 参数说明"
"占位注释","Code\04_Driver\Src\drv_uart.c","30","* @return 返回值说明"
"乱码注释/文本","Code\04_Driver\Src\drv_uart.c","37","// 浣跨敤 switch 鏇挎崲 if-else锛屾彁楂樺彲璇绘€с€傞渶寮鸿浆涓?uint32 杩涜鍦板潃鍖归厤"
"乱码注释/文本","Code\04_Driver\Src\drv_uart.c","53","/* ========================== [ 2. 闃诲寮忛€氫俊鎺ュ彛 ] ========================== */"
"占位注释","Code\04_Driver\Src\drv_uart.c","61","* @brief  函数说明：drv_uart_send_string_blocking"
"占位注释","Code\04_Driver\Src\drv_uart.c","62","* @param huart 参数说明"
"占位注释","Code\04_Driver\Src\drv_uart.c","63","* @param str 参数说明"
"占位注释","Code\04_Driver\Src\drv_uart.c","64","* @param timeout_ms 参数说明"
"占位注释","Code\04_Driver\Src\drv_uart.c","65","* @return 返回值说明"
"占位注释","Code\04_Driver\Src\drv_uart.c","78","* @brief  函数说明：drv_uart_send_buffer_blocking"
"占位注释","Code\04_Driver\Src\drv_uart.c","79","* @param huart 参数说明"
"占位注释","Code\04_Driver\Src\drv_uart.c","80","* @param buf 参数说明"
"占位注释","Code\04_Driver\Src\drv_uart.c","81","* @param len 参数说明"
"占位注释","Code\04_Driver\Src\drv_uart.c","82","* @param timeout_ms 参数说明"
"占位注释","Code\04_Driver\Src\drv_uart.c","83","* @return 返回值说明"
"占位注释","Code\04_Driver\Src\drv_uart.c","99","* @brief  函数说明：drv_uart_read_byte_blocking"
"占位注释","Code\04_Driver\Src\drv_uart.c","100","* @param huart 参数说明"
"占位注释","Code\04_Driver\Src\drv_uart.c","101","* @param out 参数说明"
"占位注释","Code\04_Driver\Src\drv_uart.c","102","* @param timeout_ms 参数说明"
"占位注释","Code\04_Driver\Src\drv_uart.c","103","* @return 返回值说明"
"乱码注释/文本","Code\04_Driver\Src\drv_uart.c","122","/* ========================== [ 3. 寮傛 DMA 鍙戦€?(TX) ] ========================== */"
"乱码注释/文本","Code\04_Driver\Src\drv_uart.c","130","/* 妫€鏌?HAL 搴撳唴閮ㄥ彂閫佺姸鎬佹満 */"
"占位注释","Code\04_Driver\Src\drv_uart.c","141","* @brief  函数说明：drv_uart_send_dma"
"占位注释","Code\04_Driver\Src\drv_uart.c","142","* @param huart 参数说明"
"占位注释","Code\04_Driver\Src\drv_uart.c","143","* @param buf 参数说明"
"占位注释","Code\04_Driver\Src\drv_uart.c","144","* @param len 参数说明"
"占位注释","Code\04_Driver\Src\drv_uart.c","145","* @return 返回值说明"
"乱码注释/文本","Code\04_Driver\Src\drv_uart.c","168","/* ========================== [ 4. 寮傛 DMA 鎺ユ敹 (RX) ] ========================== */"
"乱码注释/文本","Code\04_Driver\Src\drv_uart.c","176","/* 寮€鍚?DMA 鎺ユ敹骞剁洃鍚?IDLE (绌洪棽鎬荤嚎) 涓柇 */"
"占位注释","Code\04_Driver\Src\drv_uart.c","187","* @brief  函数说明：drv_uart_receive_dma_stop"
"占位注释","Code\04_Driver\Src\drv_uart.c","188","* @param huart 参数说明"
"占位注释","Code\04_Driver\Src\drv_uart.c","189","* @return 返回值说明"
"乱码注释/文本","Code\04_Driver\Src\drv_uart.c","201","/* ========================== [ 5. 鍥炶皟娉ㄥ唽涓庡垎鍙戜腑蹇?] ========================== */"
"乱码注释/文本","Code\04_Driver\Src\drv_uart.c","221","* @brief  HAL 搴撲覆鍙ｇ┖闂蹭腑鏂洖璋?"
"乱码注释/文本","Code\04_Driver\Src\drv_uart.c","222","* @param  huart 鍙戠敓浜嬩欢鐨勪覆鍙ｅ彞鏌?"
"乱码注释/文本","Code\04_Driver\Src\drv_uart.c","223","* @param  Size  鏈瀹為檯鎺ユ敹鍒扮殑瀛楄妭鏁?"
"乱码注释/文本","Code\04_Driver\Src\drv_uart.c","231","/* 鏍规嵁鐧昏琛ㄨ嚜鍔ㄥ垎娴侊紝涓嶅啀鎵嬪姩鍐?if-else */"
